#
# There is insufficient memory for the Java Runtime Environment to continue.
# Native memory allocation (mmap) failed to map 681574400 bytes for G1 virtual space
# Possible reasons:
#   The system is out of physical RAM or swap space
#   The process is running with CompressedOops enabled, and the Java Heap may be blocking the growth of the native heap
# Possible solutions:
#   Reduce memory load on the system
#   Increase physical memory or swap space
#   Check if swap backing store is full
#   Decrease Java heap size (-Xmx/-Xms)
#   Decrease number of Java threads
#   Decrease Java thread stack sizes (-Xss)
#   Set larger code cache with -XX:ReservedCodeCacheSize=
#   JVM is running with Unscaled Compressed Oops mode in which the Java heap is
#     placed in the first 4GB address space. The Java Heap base address is the
#     maximum limit for the native heap growth. Please use -XX:HeapBaseMinAddress
#     to set the Java Heap base and to place the Java Heap above 4GB virtual address.
# This output file may be truncated or incomplete.
#
#  Out of Memory Error (os_windows.cpp:3548), pid=14096, tid=17996
#
# JRE version: Java(TM) SE Runtime Environment (17.0.13+10) (build 17.0.13+10-LTS-268)
# Java VM: Java HotSpot(TM) 64-Bit Server VM (17.0.13+10-LTS-268, mixed mode, sharing, tiered, compressed oops, compressed class ptrs, g1 gc, windows-amd64)
# No core dump will be written. Minidumps are not enabled by default on client versions of Windows
#

---------------  S U M M A R Y ------------

Command Line: --add-opens=java.base/java.lang=ALL-UNNAMED --add-opens=java.base/java.lang.invoke=ALL-UNNAMED --add-opens=java.base/java.util=ALL-UNNAMED --add-opens=java.prefs/java.util.prefs=ALL-UNNAMED --add-exports=jdk.compiler/com.sun.tools.javac.api=ALL-UNNAMED --add-exports=jdk.compiler/com.sun.tools.javac.util=ALL-UNNAMED --add-opens=java.base/java.util=ALL-UNNAMED --add-opens=java.prefs/java.util.prefs=ALL-UNNAMED --add-opens=java.base/java.nio.charset=ALL-UNNAMED --add-opens=java.base/java.net=ALL-UNNAMED --add-opens=java.base/java.util.concurrent.atomic=ALL-UNNAMED --add-opens=java.xml/javax.xml.namespace=ALL-UNNAMED -Xmx2048m -Dfile.encoding=UTF-8 -Duser.country=US -Duser.language=en -Duser.variant -javaagent:C:\Users\Administrator\.gradle\wrapper\dists\gradle-8.14.3-bin\cv11ve7ro1n3o1j4so8xd9n66\gradle-8.14.3\lib\agents\gradle-instrumentation-agent-8.14.3.jar org.gradle.launcher.daemon.bootstrap.GradleDaemon 8.14.3

Host: Intel Xeon E3-12xx v2 (Ivy Bridge, IBRS), 4 cores, 7G,  Windows 11 , 64 bit Build 26100 (10.0.26100.3323)
Time: Mon Oct 27 03:08:10 2025 Central Daylight Time elapsed time: 162.186327 seconds (0d 0h 2m 42s)

---------------  T H R E A D  ---------------

Current thread (0x0000019f77530650):  VMThread "VM Thread" [stack: 0x0000000471900000,0x0000000471a00000] [id=17996]

Stack: [0x0000000471900000,0x0000000471a00000]
Native frames: (J=compiled Java code, j=interpreted, Vv=VM code, C=native code)
V  [jvm.dll+0x67a23a]
V  [jvm.dll+0x7da96d]
V  [jvm.dll+0x7dc2b3]
V  [jvm.dll+0x7dc923]
V  [jvm.dll+0x2450ef]
V  [jvm.dll+0x677279]
V  [jvm.dll+0x66bf22]
V  [jvm.dll+0x302006]
V  [jvm.dll+0x3095a6]
V  [jvm.dll+0x359e9e]
V  [jvm.dll+0x35a0cf]
V  [jvm.dll+0x2d90d8]
V  [jvm.dll+0x2d750d]
V  [jvm.dll+0x2d6b5c]
V  [jvm.dll+0x31a9e1]
V  [jvm.dll+0x7e121b]
V  [jvm.dll+0x7e1f54]
V  [jvm.dll+0x7e246d]
V  [jvm.dll+0x7e2844]
V  [jvm.dll+0x7e2910]
V  [jvm.dll+0x78af1a]
V  [jvm.dll+0x679125]
C  [ucrtbase.dll+0x37b0]
C  [KERNEL32.DLL+0x2e8d7]
C  [ntdll.dll+0xbbf6c]

VM_Operation (0x0000000472ff5878): G1TryInitiateConcMark, mode: safepoint, requested by thread 0x0000019f7c098a90


---------------  P R O C E S S  ---------------

Threads class SMR info:
_java_thread_list=0x0000019f41f98610, length=76, elements={
0x0000019f59bd13a0, 0x0000019f77537130, 0x0000019f77538f10, 0x0000019f7754d4a0,
0x0000019f7754fe80, 0x0000019f775532d0, 0x0000019f77554eb0, 0x0000019f775566d0,
0x0000019f77559270, 0x0000019f7757ab30, 0x0000019f77520140, 0x0000019f77874750,
0x0000019f7d32e7b0, 0x0000019f7d297700, 0x0000019f7c26e0b0, 0x0000019f7d0ab020,
0x0000019f775c6e80, 0x0000019f7c098fa0, 0x0000019f7c098a90, 0x0000019f7c09b310,
0x0000019f7c09ae00, 0x0000019f7c09a3e0, 0x0000019f7c098580, 0x0000019f7c0999c0,
0x0000019f7c099ed0, 0x0000019f7c0994b0, 0x0000019f7e4284a0, 0x0000019f7e428ec0,
0x0000019f7e4293d0, 0x0000019f7e4289b0, 0x0000019f7e427060, 0x0000019f7e42a810,
0x0000019f7e4298e0, 0x0000019f7e42ad20, 0x0000019f7e427a80, 0x0000019f7e42c670,
0x0000019f7e42d090, 0x0000019f7e42dfc0, 0x0000019f7e42e4d0, 0x0000019f7e42cb80,
0x0000019f7e42d5a0, 0x0000019f7e27a910, 0x0000019f7e27bd50, 0x0000019f7e27c260,
0x0000019f7e2799e0, 0x0000019f7e27cc80, 0x0000019f7e27b840, 0x0000019f4176bb50,
0x0000019f4176b130, 0x0000019f4176d4a0, 0x0000019f4176c060, 0x0000019f4176d9b0,
0x0000019f4176cf90, 0x0000019f4176dec0, 0x0000019f4176c570, 0x0000019f4176a710,
0x0000019f4176b640, 0x0000019f4176ac20, 0x0000019f41770230, 0x0000019f41771b80,
0x0000019f4176f810, 0x0000019f4176e8e0, 0x0000019f4176edf0, 0x0000019f41770740,
0x0000019f4176fd20, 0x0000019f41771670, 0x0000019f42033370, 0x0000019f7d80ffc0,
0x0000019f470ffbf0, 0x0000019f47100100, 0x0000019f47100b20, 0x0000019f7f36c360,
0x0000019f7d8104d0, 0x0000019f7f36c870, 0x0000019f7f36cd80, 0x0000019f7f36d290
}

Java Threads: ( => current thread )
  0x0000019f59bd13a0 JavaThread "main" [_thread_blocked, id=17088, stack(0x0000000471300000,0x0000000471400000)]
  0x0000019f77537130 JavaThread "Reference Handler" daemon [_thread_blocked, id=15628, stack(0x0000000471a00000,0x0000000471b00000)]
  0x0000019f77538f10 JavaThread "Finalizer" daemon [_thread_blocked, id=20884, stack(0x0000000471b00000,0x0000000471c00000)]
  0x0000019f7754d4a0 JavaThread "Signal Dispatcher" daemon [_thread_blocked, id=22468, stack(0x0000000471c00000,0x0000000471d00000)]
  0x0000019f7754fe80 JavaThread "Attach Listener" daemon [_thread_blocked, id=15528, stack(0x0000000471d00000,0x0000000471e00000)]
  0x0000019f775532d0 JavaThread "Service Thread" daemon [_thread_blocked, id=21916, stack(0x0000000471e00000,0x0000000471f00000)]
  0x0000019f77554eb0 JavaThread "Monitor Deflation Thread" daemon [_thread_blocked, id=21540, stack(0x0000000471f00000,0x0000000472000000)]
  0x0000019f775566d0 JavaThread "C2 CompilerThread0" daemon [_thread_in_native, id=8512, stack(0x0000000472000000,0x0000000472100000)]
  0x0000019f77559270 JavaThread "C1 CompilerThread0" daemon [_thread_blocked, id=11536, stack(0x0000000472100000,0x0000000472200000)]
  0x0000019f7757ab30 JavaThread "Sweeper thread" daemon [_thread_blocked, id=4820, stack(0x0000000472200000,0x0000000472300000)]
  0x0000019f77520140 JavaThread "Common-Cleaner" daemon [_thread_blocked, id=2152, stack(0x0000000472300000,0x0000000472400000)]
  0x0000019f77874750 JavaThread "Notification Thread" daemon [_thread_blocked, id=20412, stack(0x0000000472400000,0x0000000472500000)]
  0x0000019f7d32e7b0 JavaThread "Daemon health stats" [_thread_blocked, id=4280, stack(0x0000000472800000,0x0000000472900000)]
  0x0000019f7d297700 JavaThread "Incoming local TCP Connector on port 63244" [_thread_in_native, id=19888, stack(0x0000000472a00000,0x0000000472b00000)]
  0x0000019f7c26e0b0 JavaThread "Daemon periodic checks" [_thread_blocked, id=9340, stack(0x0000000472b00000,0x0000000472c00000)]
  0x0000019f7d0ab020 JavaThread "Daemon" [_thread_blocked, id=1472, stack(0x0000000472c00000,0x0000000472d00000)]
  0x0000019f775c6e80 JavaThread "Handler for socket connection from /127.0.0.1:63244 to /127.0.0.1:63245" [_thread_in_native, id=16276, stack(0x0000000472d00000,0x0000000472e00000)]
  0x0000019f7c098fa0 JavaThread "Cancel handler" [_thread_blocked, id=21828, stack(0x0000000472e00000,0x0000000472f00000)]
  0x0000019f7c098a90 JavaThread "Daemon worker" [_thread_blocked, id=21056, stack(0x0000000472f00000,0x0000000473000000)]
  0x0000019f7c09b310 JavaThread "Asynchronous log dispatcher for DefaultDaemonConnection: socket connection from /127.0.0.1:63244 to /127.0.0.1:63245" [_thread_blocked, id=15164, stack(0x0000000473000000,0x0000000473100000)]
  0x0000019f7c09ae00 JavaThread "Stdin handler" [_thread_blocked, id=20620, stack(0x0000000473100000,0x0000000473200000)]
  0x0000019f7c09a3e0 JavaThread "Daemon client event forwarder" [_thread_blocked, id=11828, stack(0x0000000473200000,0x0000000473300000)]
  0x0000019f7c098580 JavaThread "Cache worker for journal cache (C:\Users\Administrator\.gradle\caches\journal-1)" [_thread_blocked, id=21628, stack(0x0000000473300000,0x0000000473400000)]
  0x0000019f7c0999c0 JavaThread "File lock request listener" [_thread_in_native, id=17976, stack(0x0000000473400000,0x0000000473500000)]
  0x0000019f7c099ed0 JavaThread "Cache worker for file hash cache (C:\Users\Administrator\.gradle\caches\8.14.3\fileHashes)" [_thread_blocked, id=19548, stack(0x0000000473500000,0x0000000473600000)]
  0x0000019f7c0994b0 JavaThread "Cache worker for file hash cache (C:\Users\Administrator\AndroidStudioProjects\SalesNote\.gradle\8.14.3\fileHashes)" [_thread_blocked, id=21464, stack(0x0000000473700000,0x0000000473800000)]
  0x0000019f7e4284a0 JavaThread "Cache worker for Build Output Cleanup Cache (C:\Users\Administrator\AndroidStudioProjects\SalesNote\.gradle\buildOutputCleanup)" [_thread_blocked, id=14172, stack(0x0000000473800000,0x0000000473900000)]
  0x0000019f7e428ec0 JavaThread "File watcher server" daemon [_thread_in_native, id=18748, stack(0x0000000473900000,0x0000000473a00000)]
  0x0000019f7e4293d0 JavaThread "File watcher consumer" daemon [_thread_blocked, id=18088, stack(0x0000000473a00000,0x0000000473b00000)]
  0x0000019f7e4289b0 JavaThread "jar transforms" [_thread_blocked, id=19144, stack(0x0000000473b00000,0x0000000473c00000)]
  0x0000019f7e427060 JavaThread "jar transforms Thread 2" [_thread_blocked, id=10392, stack(0x0000000473c00000,0x0000000473d00000)]
  0x0000019f7e42a810 JavaThread "jar transforms Thread 3" [_thread_blocked, id=21276, stack(0x0000000473d00000,0x0000000473e00000)]
  0x0000019f7e4298e0 JavaThread "jar transforms Thread 4" [_thread_blocked, id=20624, stack(0x0000000473e00000,0x0000000473f00000)]
  0x0000019f7e42ad20 JavaThread "Cache worker for checksums cache (C:\Users\Administrator\AndroidStudioProjects\SalesNote\.gradle\8.14.3\checksums)" [_thread_blocked, id=22440, stack(0x0000000473f00000,0x0000000474000000)]
  0x0000019f7e427a80 JavaThread "Cache worker for file content cache (C:\Users\Administrator\.gradle\caches\8.14.3\fileContent)" [_thread_blocked, id=21520, stack(0x0000000473600000,0x0000000473700000)]
  0x0000019f7e42c670 JavaThread "Cache worker for cache directory md-supplier (C:\Users\Administrator\.gradle\caches\8.14.3\md-supplier)" [_thread_blocked, id=21160, stack(0x0000000474100000,0x0000000474200000)]
  0x0000019f7e42d090 JavaThread "Cache worker for cache directory md-rule (C:\Users\Administrator\.gradle\caches\8.14.3\md-rule)" [_thread_blocked, id=15768, stack(0x0000000474200000,0x0000000474300000)]
  0x0000019f7e42dfc0 JavaThread "Unconstrained build operations" [_thread_blocked, id=21296, stack(0x0000000474000000,0x0000000474100000)]
  0x0000019f7e42e4d0 JavaThread "Unconstrained build operations Thread 2" [_thread_blocked, id=7144, stack(0x0000000474300000,0x0000000474400000)]
  0x0000019f7e42cb80 JavaThread "Unconstrained build operations Thread 3" [_thread_blocked, id=21560, stack(0x0000000474400000,0x0000000474500000)]
  0x0000019f7e42d5a0 JavaThread "Unconstrained build operations Thread 4" [_thread_blocked, id=3432, stack(0x0000000474500000,0x0000000474600000)]
  0x0000019f7e27a910 JavaThread "Unconstrained build operations Thread 5" [_thread_blocked, id=21968, stack(0x0000000474800000,0x0000000474900000)]
  0x0000019f7e27bd50 JavaThread "Unconstrained build operations Thread 6" [_thread_blocked, id=18616, stack(0x0000000474900000,0x0000000474a00000)]
  0x0000019f7e27c260 JavaThread "Unconstrained build operations Thread 7" [_thread_blocked, id=9448, stack(0x0000000474a00000,0x0000000474b00000)]
  0x0000019f7e2799e0 JavaThread "Unconstrained build operations Thread 8" [_thread_blocked, id=20576, stack(0x0000000474b00000,0x0000000474c00000)]
  0x0000019f7e27cc80 JavaThread "Unconstrained build operations Thread 9" [_thread_blocked, id=10792, stack(0x0000000474c00000,0x0000000474d00000)]
  0x0000019f7e27b840 JavaThread "Unconstrained build operations Thread 10" [_thread_blocked, id=8228, stack(0x0000000474d00000,0x0000000474e00000)]
  0x0000019f4176bb50 JavaThread "Unconstrained build operations Thread 11" [_thread_blocked, id=22344, stack(0x0000000471000000,0x0000000471100000)]
  0x0000019f4176b130 JavaThread "Unconstrained build operations Thread 12" [_thread_blocked, id=10804, stack(0x0000000471100000,0x0000000471200000)]
  0x0000019f4176d4a0 JavaThread "Unconstrained build operations Thread 13" [_thread_blocked, id=1012, stack(0x0000000471200000,0x0000000471300000)]
  0x0000019f4176c060 JavaThread "Unconstrained build operations Thread 14" [_thread_blocked, id=21548, stack(0x0000000474e00000,0x0000000474f00000)]
  0x0000019f4176d9b0 JavaThread "Unconstrained build operations Thread 15" [_thread_blocked, id=2936, stack(0x0000000474f00000,0x0000000475000000)]
  0x0000019f4176cf90 JavaThread "Unconstrained build operations Thread 16" [_thread_blocked, id=17656, stack(0x0000000475000000,0x0000000475100000)]
  0x0000019f4176dec0 JavaThread "Unconstrained build operations Thread 17" [_thread_blocked, id=5024, stack(0x0000000475100000,0x0000000475200000)]
  0x0000019f4176c570 JavaThread "Unconstrained build operations Thread 18" [_thread_blocked, id=20920, stack(0x0000000475200000,0x0000000475300000)]
  0x0000019f4176a710 JavaThread "Unconstrained build operations Thread 19" [_thread_blocked, id=17480, stack(0x0000000475300000,0x0000000475400000)]
  0x0000019f4176b640 JavaThread "Unconstrained build operations Thread 20" [_thread_blocked, id=22260, stack(0x0000000475400000,0x0000000475500000)]
  0x0000019f4176ac20 JavaThread "Unconstrained build operations Thread 21" [_thread_blocked, id=2860, stack(0x0000000475500000,0x0000000475600000)]
  0x0000019f41770230 JavaThread "Unconstrained build operations Thread 22" [_thread_blocked, id=6748, stack(0x0000000475600000,0x0000000475700000)]
  0x0000019f41771b80 JavaThread "Unconstrained build operations Thread 23" [_thread_blocked, id=14840, stack(0x0000000475700000,0x0000000475800000)]
  0x0000019f4176f810 JavaThread "Unconstrained build operations Thread 24" [_thread_blocked, id=5660, stack(0x0000000475800000,0x0000000475900000)]
  0x0000019f4176e8e0 JavaThread "Unconstrained build operations Thread 25" [_thread_blocked, id=19740, stack(0x0000000475900000,0x0000000475a00000)]
  0x0000019f4176edf0 JavaThread "Unconstrained build operations Thread 26" [_thread_blocked, id=11196, stack(0x0000000475a00000,0x0000000475b00000)]
  0x0000019f41770740 JavaThread "Unconstrained build operations Thread 27" [_thread_blocked, id=14960, stack(0x0000000475b00000,0x0000000475c00000)]
  0x0000019f4176fd20 JavaThread "Unconstrained build operations Thread 28" [_thread_blocked, id=21596, stack(0x0000000475c00000,0x0000000475d00000)]
  0x0000019f41771670 JavaThread "Memory manager" [_thread_blocked, id=22028, stack(0x0000000475d00000,0x0000000475e00000)]
  0x0000019f42033370 JavaThread "build event listener" [_thread_blocked, id=15200, stack(0x0000000475f00000,0x0000000476000000)]
  0x0000019f7d80ffc0 JavaThread "included builds" [_thread_blocked, id=20828, stack(0x0000000475e00000,0x0000000475f00000)]
  0x0000019f470ffbf0 JavaThread "Execution worker" [_thread_blocked, id=3752, stack(0x0000000476000000,0x0000000476100000)]
  0x0000019f47100100 JavaThread "Execution worker Thread 2" [_thread_blocked, id=17240, stack(0x0000000476100000,0x0000000476200000)]
  0x0000019f47100b20 JavaThread "Execution worker Thread 3" [_thread_blocked, id=19184, stack(0x0000000476200000,0x0000000476300000)]
  0x0000019f7f36c360 JavaThread "Cache worker for execution history cache (C:\Users\Administrator\AndroidStudioProjects\SalesNote\.gradle\8.14.3\executionHistory)" [_thread_blocked, id=19688, stack(0x0000000476300000,0x0000000476400000)]
  0x0000019f7d8104d0 JavaThread "idea-tooling-model-converter" [_thread_blocked, id=20500, stack(0x0000000474600000,0x0000000474700000)]
  0x0000019f7f36c870 JavaThread "Unconstrained build operations Thread 29" [_thread_blocked, id=14348, stack(0x0000000476400000,0x0000000476500000)]
  0x0000019f7f36cd80 JavaThread "Unconstrained build operations Thread 30" [_thread_blocked, id=20148, stack(0x0000000476500000,0x0000000476600000)]
  0x0000019f7f36d290 JavaThread "Unconstrained build operations Thread 31" [_thread_blocked, id=20112, stack(0x0000000476600000,0x0000000476700000)]

Other Threads:
=>0x0000019f77530650 VMThread "VM Thread" [stack: 0x0000000471900000,0x0000000471a00000] [id=17996]
  0x0000019f59bd2030 WatcherThread [stack: 0x0000000472500000,0x0000000472600000] [id=19036]
  0x0000019f59c2b9f0 GCTaskThread "GC Thread#0" [stack: 0x0000000471400000,0x0000000471500000] [id=20812]
  0x0000019f77939030 GCTaskThread "GC Thread#1" [stack: 0x0000000472600000,0x0000000472700000] [id=22296]
  0x0000019f779392f0 GCTaskThread "GC Thread#2" [stack: 0x0000000472700000,0x0000000472800000] [id=18756]
  0x0000019f7c704ce0 GCTaskThread "GC Thread#3" [stack: 0x0000000472900000,0x0000000472a00000] [id=8536]
  0x0000019f59c3eb40 ConcurrentGCThread "G1 Main Marker" [stack: 0x0000000471500000,0x0000000471600000] [id=19668]
  0x0000019f59c438f0 ConcurrentGCThread "G1 Conc#0" [stack: 0x0000000471600000,0x0000000471700000] [id=4848]
  0x0000019f773f00a0 ConcurrentGCThread "G1 Refine#0" [stack: 0x0000000471700000,0x0000000471800000] [id=4736]
  0x0000019f773f16b0 ConcurrentGCThread "G1 Service" [stack: 0x0000000471800000,0x0000000471900000] [id=20380]

Threads with active compile tasks:
C2 CompilerThread0   162298 13854       4       org.gradle.internal.instantiation.generator.AbstractClassGenerator::inspectType (602 bytes)

VM state: at safepoint (normal execution)

VM Mutex/Monitor currently owned by a thread:  ([mutex/lock_event])
[0x0000019f59bcbcd0] Threads_lock - owner thread: 0x0000019f77530650
[0x0000019f59bcd500] Heap_lock - owner thread: 0x0000019f7c098a90

Heap address: 0x0000000080000000, size: 2048 MB, Compressed Oops mode: 32-bit

CDS archive(s) mapped at: [0x0000019f00000000-0x0000019f00bd0000-0x0000019f00bd0000), size 12386304, SharedBaseAddress: 0x0000019f00000000, ArchiveRelocationMode: 1.
Compressed class space mapped at: 0x0000019f01000000-0x0000019f41000000, reserved size: 1073741824
Narrow klass base: 0x0000019f00000000, Narrow klass shift: 0, Narrow klass range: 0x100000000

GC Precious Log:
 CPUs: 4 total, 4 available
 Memory: 8191M
 Large Page Support: Disabled
 NUMA Support: Disabled
 Compressed Oops: Enabled (32-bit)
 Heap Region Size: 1M
 Heap Min Capacity: 8M
 Heap Initial Capacity: 128M
 Heap Max Capacity: 2G
 Pre-touch: Disabled
 Parallel Workers: 4
 Concurrent Workers: 1
 Concurrent Refinement Workers: 4
 Periodic GC: Disabled

Heap:
 garbage-first heap   total 411648K, used 176118K [0x0000000080000000, 0x0000000100000000)
  region size 1024K, 1 young (1024K), 1 survivors (1024K)
 Metaspace       used 112505K, committed 113600K, reserved 1179648K
  class space    used 15478K, committed 16000K, reserved 1048576K

Heap Regions: E=young(eden), S=young(survivor), O=old, HS=humongous(starts), HC=humongous(continues), CS=collection set, F=free, OA=open archive, CA=closed archive, TAMS=top-at-mark-start (previous, next)
|   0|0x0000000080000000, 0x0000000080100000, 0x0000000080100000|100%|HS|  |TAMS 0x0000000080100000, 0x0000000080100000| Complete 
|   1|0x0000000080100000, 0x0000000080200000, 0x0000000080200000|100%|HC|  |TAMS 0x0000000080200000, 0x0000000080200000| Complete 
|   2|0x0000000080200000, 0x0000000080300000, 0x0000000080300000|100%|HC|  |TAMS 0x0000000080300000, 0x0000000080300000| Complete 
|   3|0x0000000080300000, 0x0000000080400000, 0x0000000080400000|100%| O|  |TAMS 0x0000000080400000, 0x0000000080400000| Untracked 
|   4|0x0000000080400000, 0x0000000080500000, 0x0000000080500000|100%| O|  |TAMS 0x0000000080400000, 0x0000000080500000| Untracked 
|   5|0x0000000080500000, 0x0000000080600000, 0x0000000080600000|100%| O|  |TAMS 0x0000000080600000, 0x0000000080600000| Untracked 
|   6|0x0000000080600000, 0x0000000080700000, 0x0000000080700000|100%| O|  |TAMS 0x0000000080700000, 0x0000000080700000| Untracked 
|   7|0x0000000080700000, 0x0000000080800000, 0x0000000080800000|100%|HS|  |TAMS 0x0000000080800000, 0x0000000080800000| Complete 
|   8|0x0000000080800000, 0x0000000080900000, 0x0000000080900000|100%| O|  |TAMS 0x0000000080900000, 0x0000000080900000| Untracked 
|   9|0x0000000080900000, 0x0000000080a00000, 0x0000000080a00000|100%| O|  |TAMS 0x0000000080a00000, 0x0000000080a00000| Untracked 
|  10|0x0000000080a00000, 0x0000000080b00000, 0x0000000080b00000|100%| O|  |TAMS 0x0000000080b00000, 0x0000000080b00000| Untracked 
|  11|0x0000000080b00000, 0x0000000080c00000, 0x0000000080c00000|100%| O|  |TAMS 0x0000000080c00000, 0x0000000080c00000| Untracked 
|  12|0x0000000080c00000, 0x0000000080d00000, 0x0000000080d00000|100%| O|  |TAMS 0x0000000080d00000, 0x0000000080d00000| Untracked 
|  13|0x0000000080d00000, 0x0000000080e00000, 0x0000000080e00000|100%| O|  |TAMS 0x0000000080e00000, 0x0000000080e00000| Untracked 
|  14|0x0000000080e00000, 0x0000000080f00000, 0x0000000080f00000|100%| O|  |TAMS 0x0000000080f00000, 0x0000000080f00000| Untracked 
|  15|0x0000000080f00000, 0x0000000080fee800, 0x0000000081000000| 93%| O|  |TAMS 0x0000000080fee800, 0x0000000080fee800| Untracked 
|  16|0x0000000081000000, 0x0000000081100000, 0x0000000081100000|100%|HS|  |TAMS 0x0000000081100000, 0x0000000081100000| Complete 
|  17|0x0000000081100000, 0x0000000081200000, 0x0000000081200000|100%|HC|  |TAMS 0x0000000081200000, 0x0000000081200000| Complete 
|  18|0x0000000081200000, 0x0000000081300000, 0x0000000081300000|100%|HC|  |TAMS 0x0000000081300000, 0x0000000081300000| Complete 
|  19|0x0000000081300000, 0x0000000081400000, 0x0000000081400000|100%|HC|  |TAMS 0x0000000081400000, 0x0000000081400000| Complete 
|  20|0x0000000081400000, 0x0000000081500000, 0x0000000081500000|100%|HC|  |TAMS 0x0000000081500000, 0x0000000081500000| Complete 
|  21|0x0000000081500000, 0x0000000081600000, 0x0000000081600000|100%|HC|  |TAMS 0x0000000081600000, 0x0000000081600000| Complete 
|  22|0x0000000081600000, 0x0000000081700000, 0x0000000081700000|100%|HS|  |TAMS 0x0000000081700000, 0x0000000081700000| Complete 
|  23|0x0000000081700000, 0x0000000081800000, 0x0000000081800000|100%|HS|  |TAMS 0x0000000081800000, 0x0000000081800000| Complete 
|  24|0x0000000081800000, 0x0000000081900000, 0x0000000081900000|100%|HC|  |TAMS 0x0000000081900000, 0x0000000081900000| Complete 
|  25|0x0000000081900000, 0x0000000081a00000, 0x0000000081a00000|100%|HC|  |TAMS 0x0000000081a00000, 0x0000000081a00000| Complete 
|  26|0x0000000081a00000, 0x0000000081b00000, 0x0000000081b00000|100%|HC|  |TAMS 0x0000000081b00000, 0x0000000081b00000| Complete 
|  27|0x0000000081b00000, 0x0000000081c00000, 0x0000000081c00000|100%|HS|  |TAMS 0x0000000081c00000, 0x0000000081c00000| Complete 
|  28|0x0000000081c00000, 0x0000000081d00000, 0x0000000081d00000|100%|HC|  |TAMS 0x0000000081d00000, 0x0000000081d00000| Complete 
|  29|0x0000000081d00000, 0x0000000081e00000, 0x0000000081e00000|100%|HS|  |TAMS 0x0000000081e00000, 0x0000000081e00000| Complete 
|  30|0x0000000081e00000, 0x0000000081f00000, 0x0000000081f00000|100%|HS|  |TAMS 0x0000000081f00000, 0x0000000081f00000| Complete 
|  31|0x0000000081f00000, 0x0000000082000000, 0x0000000082000000|100%|HC|  |TAMS 0x0000000082000000, 0x0000000082000000| Complete 
|  32|0x0000000082000000, 0x0000000082100000, 0x0000000082100000|100%|HC|  |TAMS 0x0000000082100000, 0x0000000082100000| Complete 
|  33|0x0000000082100000, 0x0000000082200000, 0x0000000082200000|100%|HC|  |TAMS 0x0000000082200000, 0x0000000082200000| Complete 
|  34|0x0000000082200000, 0x0000000082300000, 0x0000000082300000|100%|HC|  |TAMS 0x0000000082300000, 0x0000000082300000| Complete 
|  35|0x0000000082300000, 0x0000000082400000, 0x0000000082400000|100%|HC|  |TAMS 0x0000000082400000, 0x0000000082400000| Complete 
|  36|0x0000000082400000, 0x0000000082500000, 0x0000000082500000|100%| O|  |TAMS 0x0000000082500000, 0x0000000082500000| Untracked 
|  37|0x0000000082500000, 0x0000000082600000, 0x0000000082600000|100%| O|  |TAMS 0x0000000082600000, 0x0000000082600000| Untracked 
|  38|0x0000000082600000, 0x0000000082700000, 0x0000000082700000|100%| O|  |TAMS 0x0000000082700000, 0x0000000082700000| Untracked 
|  39|0x0000000082700000, 0x0000000082800000, 0x0000000082800000|100%| O|  |TAMS 0x0000000082800000, 0x0000000082800000| Untracked 
|  40|0x0000000082800000, 0x0000000082900000, 0x0000000082900000|100%| O|  |TAMS 0x0000000082900000, 0x0000000082900000| Untracked 
|  41|0x0000000082900000, 0x0000000082a00000, 0x0000000082a00000|100%|HS|  |TAMS 0x0000000082a00000, 0x0000000082a00000| Complete 
|  42|0x0000000082a00000, 0x0000000082b00000, 0x0000000082b00000|100%|HS|  |TAMS 0x0000000082b00000, 0x0000000082b00000| Complete 
|  43|0x0000000082b00000, 0x0000000082c00000, 0x0000000082c00000|100%|HC|  |TAMS 0x0000000082c00000, 0x0000000082c00000| Complete 
|  44|0x0000000082c00000, 0x0000000082d00000, 0x0000000082d00000|100%|HC|  |TAMS 0x0000000082d00000, 0x0000000082d00000| Complete 
|  45|0x0000000082d00000, 0x0000000082e00000, 0x0000000082e00000|100%|HC|  |TAMS 0x0000000082e00000, 0x0000000082e00000| Complete 
|  46|0x0000000082e00000, 0x0000000082f00000, 0x0000000082f00000|100%|HS|  |TAMS 0x0000000082f00000, 0x0000000082f00000| Complete 
|  47|0x0000000082f00000, 0x0000000083000000, 0x0000000083000000|100%|HC|  |TAMS 0x0000000083000000, 0x0000000083000000| Complete 
|  48|0x0000000083000000, 0x0000000083100000, 0x0000000083100000|100%|HS|  |TAMS 0x0000000083100000, 0x0000000083100000| Complete 
|  49|0x0000000083100000, 0x0000000083200000, 0x0000000083200000|100%| O|  |TAMS 0x0000000083200000, 0x0000000083200000| Untracked 
|  50|0x0000000083200000, 0x0000000083300000, 0x0000000083300000|100%| O|  |TAMS 0x0000000083300000, 0x0000000083300000| Untracked 
|  51|0x0000000083300000, 0x0000000083400000, 0x0000000083400000|100%| O|  |TAMS 0x0000000083400000, 0x0000000083400000| Untracked 
|  52|0x0000000083400000, 0x0000000083500000, 0x0000000083500000|100%| O|  |TAMS 0x0000000083500000, 0x0000000083500000| Untracked 
|  53|0x0000000083500000, 0x0000000083600000, 0x0000000083600000|100%| O|  |TAMS 0x0000000083600000, 0x0000000083600000| Untracked 
|  54|0x0000000083600000, 0x0000000083700000, 0x0000000083700000|100%| O|  |TAMS 0x0000000083700000, 0x0000000083700000| Untracked 
|  55|0x0000000083700000, 0x0000000083800000, 0x0000000083800000|100%|HS|  |TAMS 0x0000000083800000, 0x0000000083800000| Complete 
|  56|0x0000000083800000, 0x0000000083900000, 0x0000000083900000|100%| O|  |TAMS 0x0000000083900000, 0x0000000083900000| Untracked 
|  57|0x0000000083900000, 0x0000000083a00000, 0x0000000083a00000|100%| O|  |TAMS 0x0000000083a00000, 0x0000000083a00000| Untracked 
|  58|0x0000000083a00000, 0x0000000083b00000, 0x0000000083b00000|100%| O|  |TAMS 0x0000000083b00000, 0x0000000083b00000| Untracked 
|  59|0x0000000083b00000, 0x0000000083c00000, 0x0000000083c00000|100%| O|  |TAMS 0x0000000083c00000, 0x0000000083c00000| Untracked 
|  60|0x0000000083c00000, 0x0000000083d00000, 0x0000000083d00000|100%| O|  |TAMS 0x0000000083d00000, 0x0000000083d00000| Untracked 
|  61|0x0000000083d00000, 0x0000000083e00000, 0x0000000083e00000|100%| O|  |TAMS 0x0000000083e00000, 0x0000000083e00000| Untracked 
|  62|0x0000000083e00000, 0x0000000083f00000, 0x0000000083f00000|100%| O|  |TAMS 0x0000000083f00000, 0x0000000083f00000| Untracked 
|  63|0x0000000083f00000, 0x0000000084000000, 0x0000000084000000|100%| O|  |TAMS 0x0000000084000000, 0x0000000084000000| Untracked 
|  64|0x0000000084000000, 0x0000000084100000, 0x0000000084100000|100%| O|  |TAMS 0x0000000084100000, 0x0000000084100000| Untracked 
|  65|0x0000000084100000, 0x0000000084200000, 0x0000000084200000|100%| O|  |TAMS 0x0000000084200000, 0x0000000084200000| Untracked 
|  66|0x0000000084200000, 0x0000000084300000, 0x0000000084300000|100%| O|  |TAMS 0x0000000084300000, 0x0000000084300000| Untracked 
|  67|0x0000000084300000, 0x0000000084400000, 0x0000000084400000|100%|HS|  |TAMS 0x0000000084400000, 0x0000000084400000| Complete 
|  68|0x0000000084400000, 0x0000000084500000, 0x0000000084500000|100%|HC|  |TAMS 0x0000000084500000, 0x0000000084500000| Complete 
|  69|0x0000000084500000, 0x0000000084600000, 0x0000000084600000|100%| O|  |TAMS 0x0000000084600000, 0x0000000084600000| Untracked 
|  70|0x0000000084600000, 0x0000000084700000, 0x0000000084700000|100%| O|  |TAMS 0x0000000084700000, 0x0000000084700000| Untracked 
|  71|0x0000000084700000, 0x0000000084800000, 0x0000000084800000|100%| O|  |TAMS 0x0000000084800000, 0x0000000084800000| Untracked 
|  72|0x0000000084800000, 0x0000000084900000, 0x0000000084900000|100%| O|  |TAMS 0x0000000084900000, 0x0000000084900000| Untracked 
|  73|0x0000000084900000, 0x0000000084a00000, 0x0000000084a00000|100%| O|  |TAMS 0x0000000084a00000, 0x0000000084a00000| Untracked 
|  74|0x0000000084a00000, 0x0000000084b00000, 0x0000000084b00000|100%| O|  |TAMS 0x0000000084b00000, 0x0000000084b00000| Untracked 
|  75|0x0000000084b00000, 0x0000000084c00000, 0x0000000084c00000|100%| O|  |TAMS 0x0000000084c00000, 0x0000000084c00000| Untracked 
|  76|0x0000000084c00000, 0x0000000084d00000, 0x0000000084d00000|100%|HS|  |TAMS 0x0000000084d00000, 0x0000000084d00000| Complete 
|  77|0x0000000084d00000, 0x0000000084e00000, 0x0000000084e00000|100%|HC|  |TAMS 0x0000000084e00000, 0x0000000084e00000| Complete 
|  78|0x0000000084e00000, 0x0000000084f00000, 0x0000000084f00000|100%|HC|  |TAMS 0x0000000084f00000, 0x0000000084f00000| Complete 
|  79|0x0000000084f00000, 0x0000000085000000, 0x0000000085000000|100%|HC|  |TAMS 0x0000000085000000, 0x0000000085000000| Complete 
|  80|0x0000000085000000, 0x0000000085100000, 0x0000000085100000|100%|HC|  |TAMS 0x0000000085100000, 0x0000000085100000| Complete 
|  81|0x0000000085100000, 0x0000000085200000, 0x0000000085200000|100%|HC|  |TAMS 0x0000000085200000, 0x0000000085200000| Complete 
|  82|0x0000000085200000, 0x0000000085300000, 0x0000000085300000|100%| O|  |TAMS 0x0000000085300000, 0x0000000085300000| Untracked 
|  83|0x0000000085300000, 0x0000000085400000, 0x0000000085400000|100%| O|  |TAMS 0x0000000085400000, 0x0000000085400000| Untracked 
|  84|0x0000000085400000, 0x0000000085500000, 0x0000000085500000|100%|HS|  |TAMS 0x0000000085500000, 0x0000000085500000| Complete 
|  85|0x0000000085500000, 0x0000000085600000, 0x0000000085600000|100%| O|  |TAMS 0x0000000085600000, 0x0000000085600000| Untracked 
|  86|0x0000000085600000, 0x0000000085700000, 0x0000000085700000|100%|HS|  |TAMS 0x0000000085700000, 0x0000000085700000| Complete 
|  87|0x0000000085700000, 0x0000000085800000, 0x0000000085800000|100%|HS|  |TAMS 0x0000000085800000, 0x0000000085800000| Complete 
|  88|0x0000000085800000, 0x0000000085900000, 0x0000000085900000|100%| O|  |TAMS 0x0000000085900000, 0x0000000085900000| Untracked 
|  89|0x0000000085900000, 0x0000000085a00000, 0x0000000085a00000|100%|HS|  |TAMS 0x0000000085a00000, 0x0000000085a00000| Complete 
|  90|0x0000000085a00000, 0x0000000085b00000, 0x0000000085b00000|100%|HC|  |TAMS 0x0000000085b00000, 0x0000000085b00000| Complete 
|  91|0x0000000085b00000, 0x0000000085c00000, 0x0000000085c00000|100%|HC|  |TAMS 0x0000000085c00000, 0x0000000085c00000| Complete 
|  92|0x0000000085c00000, 0x0000000085d00000, 0x0000000085d00000|100%|HC|  |TAMS 0x0000000085d00000, 0x0000000085d00000| Complete 
|  93|0x0000000085d00000, 0x0000000085e00000, 0x0000000085e00000|100%|HC|  |TAMS 0x0000000085e00000, 0x0000000085e00000| Complete 
|  94|0x0000000085e00000, 0x0000000085f00000, 0x0000000085f00000|100%|HC|  |TAMS 0x0000000085f00000, 0x0000000085f00000| Complete 
|  95|0x0000000085f00000, 0x0000000086000000, 0x0000000086000000|100%| O|  |TAMS 0x0000000086000000, 0x0000000086000000| Untracked 
|  96|0x0000000086000000, 0x0000000086100000, 0x0000000086100000|100%| O|  |TAMS 0x0000000086100000, 0x0000000086100000| Untracked 
|  97|0x0000000086100000, 0x0000000086100000, 0x0000000086200000|  0%| F|  |TAMS 0x0000000086100000, 0x0000000086100000| Untracked 
|  98|0x0000000086200000, 0x0000000086300000, 0x0000000086300000|100%| O|  |TAMS 0x0000000086300000, 0x0000000086300000| Untracked 
|  99|0x0000000086300000, 0x0000000086400000, 0x0000000086400000|100%| O|  |TAMS 0x0000000086400000, 0x0000000086400000| Untracked 
| 100|0x0000000086400000, 0x0000000086500000, 0x0000000086500000|100%| O|  |TAMS 0x0000000086500000, 0x0000000086500000| Untracked 
| 101|0x0000000086500000, 0x0000000086600000, 0x0000000086600000|100%| O|  |TAMS 0x0000000086600000, 0x0000000086600000| Untracked 
| 102|0x0000000086600000, 0x0000000086700000, 0x0000000086700000|100%| O|  |TAMS 0x0000000086700000, 0x0000000086700000| Untracked 
| 103|0x0000000086700000, 0x0000000086800000, 0x0000000086800000|100%| O|  |TAMS 0x0000000086800000, 0x0000000086800000| Untracked 
| 104|0x0000000086800000, 0x0000000086900000, 0x0000000086900000|100%| O|  |TAMS 0x0000000086900000, 0x0000000086900000| Untracked 
| 105|0x0000000086900000, 0x0000000086a00000, 0x0000000086a00000|100%| O|  |TAMS 0x0000000086a00000, 0x0000000086a00000| Untracked 
| 106|0x0000000086a00000, 0x0000000086b00000, 0x0000000086b00000|100%| O|  |TAMS 0x0000000086b00000, 0x0000000086b00000| Untracked 
| 107|0x0000000086b00000, 0x0000000086c00000, 0x0000000086c00000|100%| O|  |TAMS 0x0000000086c00000, 0x0000000086c00000| Untracked 
| 108|0x0000000086c00000, 0x0000000086d00000, 0x0000000086d00000|100%| O|  |TAMS 0x0000000086d00000, 0x0000000086d00000| Untracked 
| 109|0x0000000086d00000, 0x0000000086e00000, 0x0000000086e00000|100%| O|  |TAMS 0x0000000086d00000, 0x0000000086e00000| Untracked 
| 110|0x0000000086e00000, 0x0000000086f00000, 0x0000000086f00000|100%|HS|  |TAMS 0x0000000086f00000, 0x0000000086f00000| Complete 
| 111|0x0000000086f00000, 0x0000000087000000, 0x0000000087000000|100%|HC|  |TAMS 0x0000000087000000, 0x0000000087000000| Complete 
| 112|0x0000000087000000, 0x0000000087100000, 0x0000000087100000|100%|HS|  |TAMS 0x0000000087100000, 0x0000000087100000| Complete 
| 113|0x0000000087100000, 0x0000000087200000, 0x0000000087200000|100%|HC|  |TAMS 0x0000000087200000, 0x0000000087200000| Complete 
| 114|0x0000000087200000, 0x0000000087300000, 0x0000000087300000|100%|HS|  |TAMS 0x0000000087300000, 0x0000000087300000| Complete 
| 115|0x0000000087300000, 0x0000000087400000, 0x0000000087400000|100%|HC|  |TAMS 0x0000000087400000, 0x0000000087400000| Complete 
| 116|0x0000000087400000, 0x0000000087500000, 0x0000000087500000|100%|HC|  |TAMS 0x0000000087500000, 0x0000000087500000| Complete 
| 117|0x0000000087500000, 0x0000000087600000, 0x0000000087600000|100%|HS|  |TAMS 0x0000000087600000, 0x0000000087600000| Complete 
| 118|0x0000000087600000, 0x0000000087700000, 0x0000000087700000|100%|HS|  |TAMS 0x0000000087700000, 0x0000000087700000| Complete 
| 119|0x0000000087700000, 0x0000000087800000, 0x0000000087800000|100%| O|  |TAMS 0x0000000087800000, 0x0000000087800000| Untracked 
| 120|0x0000000087800000, 0x0000000087900000, 0x0000000087900000|100%|HS|  |TAMS 0x0000000087900000, 0x0000000087900000| Complete 
| 121|0x0000000087900000, 0x0000000087a00000, 0x0000000087a00000|100%|HS|  |TAMS 0x0000000087a00000, 0x0000000087a00000| Complete 
| 122|0x0000000087a00000, 0x0000000087b00000, 0x0000000087b00000|100%| O|  |TAMS 0x0000000087b00000, 0x0000000087b00000| Untracked 
| 123|0x0000000087b00000, 0x0000000087c00000, 0x0000000087c00000|100%| O|  |TAMS 0x0000000087c00000, 0x0000000087c00000| Untracked 
| 124|0x0000000087c00000, 0x0000000087d00000, 0x0000000087d00000|100%| O|  |TAMS 0x0000000087d00000, 0x0000000087d00000| Untracked 
| 125|0x0000000087d00000, 0x0000000087e00000, 0x0000000087e00000|100%| O|  |TAMS 0x0000000087e00000, 0x0000000087e00000| Untracked 
| 126|0x0000000087e00000, 0x0000000087f00000, 0x0000000087f00000|100%|HS|  |TAMS 0x0000000087f00000, 0x0000000087f00000| Complete 
| 127|0x0000000087f00000, 0x0000000088000000, 0x0000000088000000|100%|HS|  |TAMS 0x0000000088000000, 0x0000000088000000| Complete 
| 128|0x0000000088000000, 0x0000000088100000, 0x0000000088100000|100%|HC|  |TAMS 0x0000000088100000, 0x0000000088100000| Complete 
| 129|0x0000000088100000, 0x0000000088200000, 0x0000000088200000|100%|HC|  |TAMS 0x0000000088200000, 0x0000000088200000| Complete 
| 130|0x0000000088200000, 0x0000000088300000, 0x0000000088300000|100%| O|  |TAMS 0x0000000088300000, 0x0000000088300000| Untracked 
| 131|0x0000000088300000, 0x0000000088400000, 0x0000000088400000|100%| O|  |TAMS 0x0000000088400000, 0x0000000088400000| Untracked 
| 132|0x0000000088400000, 0x0000000088500000, 0x0000000088500000|100%| O|  |TAMS 0x0000000088500000, 0x0000000088500000| Untracked 
| 133|0x0000000088500000, 0x0000000088600000, 0x0000000088600000|100%| O|  |TAMS 0x0000000088600000, 0x0000000088600000| Untracked 
| 134|0x0000000088600000, 0x0000000088700000, 0x0000000088700000|100%| O|  |TAMS 0x0000000088700000, 0x0000000088700000| Untracked 
| 135|0x0000000088700000, 0x0000000088800000, 0x0000000088800000|100%| O|  |TAMS 0x0000000088800000, 0x0000000088800000| Untracked 
| 136|0x0000000088800000, 0x0000000088900000, 0x0000000088900000|100%| O|  |TAMS 0x0000000088900000, 0x0000000088900000| Untracked 
| 137|0x0000000088900000, 0x0000000088a00000, 0x0000000088a00000|100%| O|  |TAMS 0x0000000088900000, 0x0000000088a00000| Untracked 
| 138|0x0000000088a00000, 0x0000000088b00000, 0x0000000088b00000|100%| O|  |TAMS 0x0000000088b00000, 0x0000000088b00000| Untracked 
| 139|0x0000000088b00000, 0x0000000088c00000, 0x0000000088c00000|100%| O|  |TAMS 0x0000000088c00000, 0x0000000088c00000| Untracked 
| 140|0x0000000088c00000, 0x0000000088d00000, 0x0000000088d00000|100%| O|  |TAMS 0x0000000088d00000, 0x0000000088d00000| Untracked 
| 141|0x0000000088d00000, 0x0000000088d00000, 0x0000000088e00000|  0%| F|  |TAMS 0x0000000088d00000, 0x0000000088d00000| Untracked 
| 142|0x0000000088e00000, 0x0000000088f00000, 0x0000000088f00000|100%| O|  |TAMS 0x0000000088f00000, 0x0000000088f00000| Untracked 
| 143|0x0000000088f00000, 0x0000000089000000, 0x0000000089000000|100%| O|  |TAMS 0x0000000089000000, 0x0000000089000000| Untracked 
| 144|0x0000000089000000, 0x0000000089100000, 0x0000000089100000|100%| O|  |TAMS 0x0000000089100000, 0x0000000089100000| Untracked 
| 145|0x0000000089100000, 0x0000000089200000, 0x0000000089200000|100%| O|  |TAMS 0x0000000089200000, 0x0000000089200000| Untracked 
| 146|0x0000000089200000, 0x0000000089300000, 0x0000000089300000|100%| O|  |TAMS 0x0000000089300000, 0x0000000089300000| Untracked 
| 147|0x0000000089300000, 0x0000000089400000, 0x0000000089400000|100%|HS|  |TAMS 0x0000000089400000, 0x0000000089400000| Complete 
| 148|0x0000000089400000, 0x0000000089500000, 0x0000000089500000|100%|HC|  |TAMS 0x0000000089500000, 0x0000000089500000| Complete 
| 149|0x0000000089500000, 0x0000000089600000, 0x0000000089600000|100%| O|  |TAMS 0x0000000089600000, 0x0000000089600000| Untracked 
| 150|0x0000000089600000, 0x0000000089700000, 0x0000000089700000|100%| O|  |TAMS 0x0000000089700000, 0x0000000089700000| Untracked 
| 151|0x0000000089700000, 0x0000000089800000, 0x0000000089800000|100%| O|  |TAMS 0x0000000089800000, 0x0000000089800000| Untracked 
| 152|0x0000000089800000, 0x0000000089800000, 0x0000000089900000|  0%| F|  |TAMS 0x0000000089800000, 0x0000000089800000| Untracked 
| 153|0x0000000089900000, 0x0000000089a00000, 0x0000000089a00000|100%| O|  |TAMS 0x0000000089a00000, 0x0000000089a00000| Untracked 
| 154|0x0000000089a00000, 0x0000000089b00000, 0x0000000089b00000|100%| O|  |TAMS 0x0000000089b00000, 0x0000000089b00000| Untracked 
| 155|0x0000000089b00000, 0x0000000089c00000, 0x0000000089c00000|100%| O|  |TAMS 0x0000000089c00000, 0x0000000089c00000| Untracked 
| 156|0x0000000089c00000, 0x0000000089d00000, 0x0000000089d00000|100%| O|  |TAMS 0x0000000089d00000, 0x0000000089d00000| Untracked 
| 157|0x0000000089d00000, 0x0000000089e00000, 0x0000000089e00000|100%| O|  |TAMS 0x0000000089e00000, 0x0000000089e00000| Untracked 
| 158|0x0000000089e00000, 0x0000000089f00000, 0x0000000089f00000|100%| O|  |TAMS 0x0000000089f00000, 0x0000000089f00000| Untracked 
| 159|0x0000000089f00000, 0x000000008a000000, 0x000000008a000000|100%| O|  |TAMS 0x0000000089fb0400, 0x000000008a000000| Untracked 
| 160|0x000000008a000000, 0x000000008a100000, 0x000000008a100000|100%| O|  |TAMS 0x000000008a000000, 0x000000008a100000| Untracked 
| 161|0x000000008a100000, 0x000000008a200000, 0x000000008a200000|100%| O|  |TAMS 0x000000008a100000, 0x000000008a200000| Untracked 
| 162|0x000000008a200000, 0x000000008a300000, 0x000000008a300000|100%| O|  |TAMS 0x000000008a200000, 0x000000008a300000| Untracked 
| 163|0x000000008a300000, 0x000000008a400000, 0x000000008a400000|100%| O|  |TAMS 0x000000008a300000, 0x000000008a400000| Untracked 
| 164|0x000000008a400000, 0x000000008a500000, 0x000000008a500000|100%| O|  |TAMS 0x000000008a400000, 0x000000008a500000| Untracked 
| 165|0x000000008a500000, 0x000000008a600000, 0x000000008a600000|100%| O|  |TAMS 0x000000008a500000, 0x000000008a600000| Untracked 
| 166|0x000000008a600000, 0x000000008a700000, 0x000000008a700000|100%| O|  |TAMS 0x000000008a600000, 0x000000008a700000| Untracked 
| 167|0x000000008a700000, 0x000000008a800000, 0x000000008a800000|100%| O|  |TAMS 0x000000008a700000, 0x000000008a800000| Untracked 
| 168|0x000000008a800000, 0x000000008a900000, 0x000000008a900000|100%| O|  |TAMS 0x000000008a800000, 0x000000008a900000| Untracked 
| 169|0x000000008a900000, 0x000000008aa00000, 0x000000008aa00000|100%| O|  |TAMS 0x000000008a900000, 0x000000008aa00000| Untracked 
| 170|0x000000008aa00000, 0x000000008ab00000, 0x000000008ab00000|100%| O|  |TAMS 0x000000008aa00000, 0x000000008ab00000| Untracked 
| 171|0x000000008ab00000, 0x000000008ac00000, 0x000000008ac00000|100%| O|  |TAMS 0x000000008ab00000, 0x000000008ac00000| Untracked 
| 172|0x000000008ac00000, 0x000000008ad00000, 0x000000008ad00000|100%| O|  |TAMS 0x000000008ac00000, 0x000000008ad00000| Untracked 
| 173|0x000000008ad00000, 0x000000008ae00000, 0x000000008ae00000|100%| O|  |TAMS 0x000000008ad00000, 0x000000008ae00000| Untracked 
| 174|0x000000008ae00000, 0x000000008ae0f200, 0x000000008af00000|  5%| O|  |TAMS 0x000000008ae00000, 0x000000008ae0f200| Untracked 
| 175|0x000000008af00000, 0x000000008af00000, 0x000000008b000000|  0%| F|  |TAMS 0x000000008af00000, 0x000000008af00000| Untracked 
| 176|0x000000008b000000, 0x000000008b000000, 0x000000008b100000|  0%| F|  |TAMS 0x000000008b000000, 0x000000008b000000| Untracked 
| 177|0x000000008b100000, 0x000000008b100000, 0x000000008b200000|  0%| F|  |TAMS 0x000000008b100000, 0x000000008b100000| Untracked 
| 178|0x000000008b200000, 0x000000008b200000, 0x000000008b300000|  0%| F|  |TAMS 0x000000008b200000, 0x000000008b200000| Untracked 
| 179|0x000000008b300000, 0x000000008b300000, 0x000000008b400000|  0%| F|  |TAMS 0x000000008b300000, 0x000000008b300000| Untracked 
| 180|0x000000008b400000, 0x000000008b400000, 0x000000008b500000|  0%| F|  |TAMS 0x000000008b400000, 0x000000008b400000| Untracked 
| 181|0x000000008b500000, 0x000000008b500000, 0x000000008b600000|  0%| F|  |TAMS 0x000000008b500000, 0x000000008b500000| Untracked 
| 182|0x000000008b600000, 0x000000008b600000, 0x000000008b700000|  0%| F|  |TAMS 0x000000008b600000, 0x000000008b600000| Untracked 
| 183|0x000000008b700000, 0x000000008b700000, 0x000000008b800000|  0%| F|  |TAMS 0x000000008b700000, 0x000000008b700000| Untracked 
| 184|0x000000008b800000, 0x000000008b800000, 0x000000008b900000|  0%| F|  |TAMS 0x000000008b800000, 0x000000008b800000| Untracked 
| 185|0x000000008b900000, 0x000000008b900000, 0x000000008ba00000|  0%| F|  |TAMS 0x000000008b900000, 0x000000008b900000| Untracked 
| 186|0x000000008ba00000, 0x000000008ba00000, 0x000000008bb00000|  0%| F|  |TAMS 0x000000008ba00000, 0x000000008ba00000| Untracked 
| 187|0x000000008bb00000, 0x000000008bb00000, 0x000000008bc00000|  0%| F|  |TAMS 0x000000008bb00000, 0x000000008bb00000| Untracked 
| 188|0x000000008bc00000, 0x000000008bc00000, 0x000000008bd00000|  0%| F|  |TAMS 0x000000008bc00000, 0x000000008bc00000| Untracked 
| 189|0x000000008bd00000, 0x000000008bd00000, 0x000000008be00000|  0%| F|  |TAMS 0x000000008bd00000, 0x000000008bd00000| Untracked 
| 190|0x000000008be00000, 0x000000008be00000, 0x000000008bf00000|  0%| F|  |TAMS 0x000000008be00000, 0x000000008be00000| Untracked 
| 191|0x000000008bf00000, 0x000000008bf00000, 0x000000008c000000|  0%| F|  |TAMS 0x000000008bf00000, 0x000000008bf00000| Untracked 
| 192|0x000000008c000000, 0x000000008c000000, 0x000000008c100000|  0%| F|  |TAMS 0x000000008c000000, 0x000000008c000000| Untracked 
| 193|0x000000008c100000, 0x000000008c100000, 0x000000008c200000|  0%| F|  |TAMS 0x000000008c100000, 0x000000008c100000| Untracked 
| 194|0x000000008c200000, 0x000000008c200000, 0x000000008c300000|  0%| F|  |TAMS 0x000000008c200000, 0x000000008c200000| Untracked 
| 195|0x000000008c300000, 0x000000008c300000, 0x000000008c400000|  0%| F|  |TAMS 0x000000008c300000, 0x000000008c300000| Untracked 
| 196|0x000000008c400000, 0x000000008c400000, 0x000000008c500000|  0%| F|  |TAMS 0x000000008c400000, 0x000000008c400000| Untracked 
| 197|0x000000008c500000, 0x000000008c500000, 0x000000008c600000|  0%| F|  |TAMS 0x000000008c500000, 0x000000008c500000| Untracked 
| 198|0x000000008c600000, 0x000000008c600000, 0x000000008c700000|  0%| F|  |TAMS 0x000000008c600000, 0x000000008c600000| Untracked 
| 199|0x000000008c700000, 0x000000008c700000, 0x000000008c800000|  0%| F|  |TAMS 0x000000008c700000, 0x000000008c700000| Untracked 
| 200|0x000000008c800000, 0x000000008c800000, 0x000000008c900000|  0%| F|  |TAMS 0x000000008c800000, 0x000000008c800000| Untracked 
| 201|0x000000008c900000, 0x000000008c900000, 0x000000008ca00000|  0%| F|  |TAMS 0x000000008c900000, 0x000000008c900000| Untracked 
| 202|0x000000008ca00000, 0x000000008ca00000, 0x000000008cb00000|  0%| F|  |TAMS 0x000000008ca00000, 0x000000008ca00000| Untracked 
| 203|0x000000008cb00000, 0x000000008cb00000, 0x000000008cc00000|  0%| F|  |TAMS 0x000000008cb00000, 0x000000008cb00000| Untracked 
| 204|0x000000008cc00000, 0x000000008cc00000, 0x000000008cd00000|  0%| F|  |TAMS 0x000000008cc00000, 0x000000008cc00000| Untracked 
| 205|0x000000008cd00000, 0x000000008cd00000, 0x000000008ce00000|  0%| F|  |TAMS 0x000000008cd00000, 0x000000008cd00000| Untracked 
| 206|0x000000008ce00000, 0x000000008ce00000, 0x000000008cf00000|  0%| F|  |TAMS 0x000000008ce00000, 0x000000008ce00000| Untracked 
| 207|0x000000008cf00000, 0x000000008cf00000, 0x000000008d000000|  0%| F|  |TAMS 0x000000008cf00000, 0x000000008cf00000| Untracked 
| 208|0x000000008d000000, 0x000000008d000000, 0x000000008d100000|  0%| F|  |TAMS 0x000000008d000000, 0x000000008d000000| Untracked 
| 209|0x000000008d100000, 0x000000008d100000, 0x000000008d200000|  0%| F|  |TAMS 0x000000008d100000, 0x000000008d100000| Untracked 
| 210|0x000000008d200000, 0x000000008d200000, 0x000000008d300000|  0%| F|  |TAMS 0x000000008d200000, 0x000000008d200000| Untracked 
| 211|0x000000008d300000, 0x000000008d300000, 0x000000008d400000|  0%| F|  |TAMS 0x000000008d300000, 0x000000008d300000| Untracked 
| 212|0x000000008d400000, 0x000000008d400000, 0x000000008d500000|  0%| F|  |TAMS 0x000000008d400000, 0x000000008d400000| Untracked 
| 213|0x000000008d500000, 0x000000008d500000, 0x000000008d600000|  0%| F|  |TAMS 0x000000008d500000, 0x000000008d500000| Untracked 
| 214|0x000000008d600000, 0x000000008d600000, 0x000000008d700000|  0%| F|  |TAMS 0x000000008d600000, 0x000000008d600000| Untracked 
| 215|0x000000008d700000, 0x000000008d700000, 0x000000008d800000|  0%| F|  |TAMS 0x000000008d700000, 0x000000008d700000| Untracked 
| 216|0x000000008d800000, 0x000000008d800000, 0x000000008d900000|  0%| F|  |TAMS 0x000000008d800000, 0x000000008d800000| Untracked 
| 217|0x000000008d900000, 0x000000008d900000, 0x000000008da00000|  0%| F|  |TAMS 0x000000008d900000, 0x000000008d900000| Untracked 
| 218|0x000000008da00000, 0x000000008da00000, 0x000000008db00000|  0%| F|  |TAMS 0x000000008da00000, 0x000000008da00000| Untracked 
| 219|0x000000008db00000, 0x000000008db00000, 0x000000008dc00000|  0%| F|  |TAMS 0x000000008db00000, 0x000000008db00000| Untracked 
| 220|0x000000008dc00000, 0x000000008dc00000, 0x000000008dd00000|  0%| F|  |TAMS 0x000000008dc00000, 0x000000008dc00000| Untracked 
| 221|0x000000008dd00000, 0x000000008dd00000, 0x000000008de00000|  0%| F|  |TAMS 0x000000008dd00000, 0x000000008dd00000| Untracked 
| 222|0x000000008de00000, 0x000000008de00000, 0x000000008df00000|  0%| F|  |TAMS 0x000000008de00000, 0x000000008de00000| Untracked 
| 223|0x000000008df00000, 0x000000008df00000, 0x000000008e000000|  0%| F|  |TAMS 0x000000008df00000, 0x000000008df00000| Untracked 
| 224|0x000000008e000000, 0x000000008e000000, 0x000000008e100000|  0%| F|  |TAMS 0x000000008e000000, 0x000000008e000000| Untracked 
| 225|0x000000008e100000, 0x000000008e100000, 0x000000008e200000|  0%| F|  |TAMS 0x000000008e100000, 0x000000008e100000| Untracked 
| 226|0x000000008e200000, 0x000000008e200000, 0x000000008e300000|  0%| F|  |TAMS 0x000000008e200000, 0x000000008e200000| Untracked 
| 227|0x000000008e300000, 0x000000008e300000, 0x000000008e400000|  0%| F|  |TAMS 0x000000008e300000, 0x000000008e300000| Untracked 
| 228|0x000000008e400000, 0x000000008e400000, 0x000000008e500000|  0%| F|  |TAMS 0x000000008e400000, 0x000000008e400000| Untracked 
| 229|0x000000008e500000, 0x000000008e500000, 0x000000008e600000|  0%| F|  |TAMS 0x000000008e500000, 0x000000008e500000| Untracked 
| 230|0x000000008e600000, 0x000000008e600000, 0x000000008e700000|  0%| F|  |TAMS 0x000000008e600000, 0x000000008e600000| Untracked 
| 231|0x000000008e700000, 0x000000008e700000, 0x000000008e800000|  0%| F|  |TAMS 0x000000008e700000, 0x000000008e700000| Untracked 
| 232|0x000000008e800000, 0x000000008e800000, 0x000000008e900000|  0%| F|  |TAMS 0x000000008e800000, 0x000000008e800000| Untracked 
| 233|0x000000008e900000, 0x000000008e900000, 0x000000008ea00000|  0%| F|  |TAMS 0x000000008e900000, 0x000000008e900000| Untracked 
| 234|0x000000008ea00000, 0x000000008ea00000, 0x000000008eb00000|  0%| F|  |TAMS 0x000000008ea00000, 0x000000008ea00000| Untracked 
| 235|0x000000008eb00000, 0x000000008eb00000, 0x000000008ec00000|  0%| F|  |TAMS 0x000000008eb00000, 0x000000008eb00000| Untracked 
| 236|0x000000008ec00000, 0x000000008ec00000, 0x000000008ed00000|  0%| F|  |TAMS 0x000000008ec00000, 0x000000008ec00000| Untracked 
| 237|0x000000008ed00000, 0x000000008ed00000, 0x000000008ee00000|  0%| F|  |TAMS 0x000000008ed00000, 0x000000008ed00000| Untracked 
| 238|0x000000008ee00000, 0x000000008ee00000, 0x000000008ef00000|  0%| F|  |TAMS 0x000000008ee00000, 0x000000008ee00000| Untracked 
| 239|0x000000008ef00000, 0x000000008ef00000, 0x000000008f000000|  0%| F|  |TAMS 0x000000008ef00000, 0x000000008ef00000| Untracked 
| 240|0x000000008f000000, 0x000000008f000000, 0x000000008f100000|  0%| F|  |TAMS 0x000000008f000000, 0x000000008f000000| Untracked 
| 241|0x000000008f100000, 0x000000008f100000, 0x000000008f200000|  0%| F|  |TAMS 0x000000008f100000, 0x000000008f100000| Untracked 
| 242|0x000000008f200000, 0x000000008f200000, 0x000000008f300000|  0%| F|  |TAMS 0x000000008f200000, 0x000000008f200000| Untracked 
| 243|0x000000008f300000, 0x000000008f300000, 0x000000008f400000|  0%| F|  |TAMS 0x000000008f300000, 0x000000008f300000| Untracked 
| 244|0x000000008f400000, 0x000000008f400000, 0x000000008f500000|  0%| F|  |TAMS 0x000000008f400000, 0x000000008f400000| Untracked 
| 245|0x000000008f500000, 0x000000008f500000, 0x000000008f600000|  0%| F|  |TAMS 0x000000008f500000, 0x000000008f500000| Untracked 
| 246|0x000000008f600000, 0x000000008f600000, 0x000000008f700000|  0%| F|  |TAMS 0x000000008f600000, 0x000000008f600000| Untracked 
| 247|0x000000008f700000, 0x000000008f700000, 0x000000008f800000|  0%| F|  |TAMS 0x000000008f700000, 0x000000008f700000| Untracked 
| 248|0x000000008f800000, 0x000000008f800000, 0x000000008f900000|  0%| F|  |TAMS 0x000000008f800000, 0x000000008f800000| Untracked 
| 249|0x000000008f900000, 0x000000008f900000, 0x000000008fa00000|  0%| F|  |TAMS 0x000000008f900000, 0x000000008f900000| Untracked 
| 250|0x000000008fa00000, 0x000000008fa00000, 0x000000008fb00000|  0%| F|  |TAMS 0x000000008fa00000, 0x000000008fa00000| Untracked 
| 251|0x000000008fb00000, 0x000000008fb00000, 0x000000008fc00000|  0%| F|  |TAMS 0x000000008fb00000, 0x000000008fb00000| Untracked 
| 252|0x000000008fc00000, 0x000000008fc00000, 0x000000008fd00000|  0%| F|  |TAMS 0x000000008fc00000, 0x000000008fc00000| Untracked 
| 253|0x000000008fd00000, 0x000000008fd00000, 0x000000008fe00000|  0%| F|  |TAMS 0x000000008fd00000, 0x000000008fd00000| Untracked 
| 254|0x000000008fe00000, 0x000000008fe00000, 0x000000008ff00000|  0%| F|  |TAMS 0x000000008fe00000, 0x000000008fe00000| Untracked 
| 255|0x000000008ff00000, 0x000000008ff00000, 0x0000000090000000|  0%| F|  |TAMS 0x000000008ff00000, 0x000000008ff00000| Untracked 
| 256|0x0000000090000000, 0x0000000090000000, 0x0000000090100000|  0%| F|  |TAMS 0x0000000090000000, 0x0000000090000000| Untracked 
| 257|0x0000000090100000, 0x0000000090100000, 0x0000000090200000|  0%| F|  |TAMS 0x0000000090100000, 0x0000000090100000| Untracked 
| 258|0x0000000090200000, 0x0000000090200000, 0x0000000090300000|  0%| F|  |TAMS 0x0000000090200000, 0x0000000090200000| Untracked 
| 259|0x0000000090300000, 0x0000000090300000, 0x0000000090400000|  0%| F|  |TAMS 0x0000000090300000, 0x0000000090300000| Untracked 
| 260|0x0000000090400000, 0x0000000090400000, 0x0000000090500000|  0%| F|  |TAMS 0x0000000090400000, 0x0000000090400000| Untracked 
| 261|0x0000000090500000, 0x0000000090500000, 0x0000000090600000|  0%| F|  |TAMS 0x0000000090500000, 0x0000000090500000| Untracked 
| 262|0x0000000090600000, 0x0000000090600000, 0x0000000090700000|  0%| F|  |TAMS 0x0000000090600000, 0x0000000090600000| Untracked 
| 263|0x0000000090700000, 0x0000000090700000, 0x0000000090800000|  0%| F|  |TAMS 0x0000000090700000, 0x0000000090700000| Untracked 
| 264|0x0000000090800000, 0x0000000090800000, 0x0000000090900000|  0%| F|  |TAMS 0x0000000090800000, 0x0000000090800000| Untracked 
| 265|0x0000000090900000, 0x0000000090900000, 0x0000000090a00000|  0%| F|  |TAMS 0x0000000090900000, 0x0000000090900000| Untracked 
| 266|0x0000000090a00000, 0x0000000090a00000, 0x0000000090b00000|  0%| F|  |TAMS 0x0000000090a00000, 0x0000000090a00000| Untracked 
| 267|0x0000000090b00000, 0x0000000090b00000, 0x0000000090c00000|  0%| F|  |TAMS 0x0000000090b00000, 0x0000000090b00000| Untracked 
| 268|0x0000000090c00000, 0x0000000090c00000, 0x0000000090d00000|  0%| F|  |TAMS 0x0000000090c00000, 0x0000000090c00000| Untracked 
| 269|0x0000000090d00000, 0x0000000090d00000, 0x0000000090e00000|  0%| F|  |TAMS 0x0000000090d00000, 0x0000000090d00000| Untracked 
| 270|0x0000000090e00000, 0x0000000090e00000, 0x0000000090f00000|  0%| F|  |TAMS 0x0000000090e00000, 0x0000000090e00000| Untracked 
| 271|0x0000000090f00000, 0x0000000090f00000, 0x0000000091000000|  0%| F|  |TAMS 0x0000000090f00000, 0x0000000090f00000| Untracked 
| 272|0x0000000091000000, 0x0000000091000000, 0x0000000091100000|  0%| F|  |TAMS 0x0000000091000000, 0x0000000091000000| Untracked 
| 273|0x0000000091100000, 0x0000000091100000, 0x0000000091200000|  0%| F|  |TAMS 0x0000000091100000, 0x0000000091100000| Untracked 
| 274|0x0000000091200000, 0x0000000091200000, 0x0000000091300000|  0%| F|  |TAMS 0x0000000091200000, 0x0000000091200000| Untracked 
| 275|0x0000000091300000, 0x0000000091300000, 0x0000000091400000|  0%| F|  |TAMS 0x0000000091300000, 0x0000000091300000| Untracked 
| 276|0x0000000091400000, 0x0000000091400000, 0x0000000091500000|  0%| F|  |TAMS 0x0000000091400000, 0x0000000091400000| Untracked 
| 277|0x0000000091500000, 0x0000000091500000, 0x0000000091600000|  0%| F|  |TAMS 0x0000000091500000, 0x0000000091500000| Untracked 
| 278|0x0000000091600000, 0x0000000091600000, 0x0000000091700000|  0%| F|  |TAMS 0x0000000091600000, 0x0000000091600000| Untracked 
| 279|0x0000000091700000, 0x0000000091700000, 0x0000000091800000|  0%| F|  |TAMS 0x0000000091700000, 0x0000000091700000| Untracked 
| 280|0x0000000091800000, 0x0000000091800000, 0x0000000091900000|  0%| F|  |TAMS 0x0000000091800000, 0x0000000091800000| Untracked 
| 281|0x0000000091900000, 0x0000000091900000, 0x0000000091a00000|  0%| F|  |TAMS 0x0000000091900000, 0x0000000091900000| Untracked 
| 282|0x0000000091a00000, 0x0000000091a00000, 0x0000000091b00000|  0%| F|  |TAMS 0x0000000091a00000, 0x0000000091a00000| Untracked 
| 283|0x0000000091b00000, 0x0000000091b00000, 0x0000000091c00000|  0%| F|  |TAMS 0x0000000091b00000, 0x0000000091b00000| Untracked 
| 284|0x0000000091c00000, 0x0000000091c00000, 0x0000000091d00000|  0%| F|  |TAMS 0x0000000091c00000, 0x0000000091c00000| Untracked 
| 285|0x0000000091d00000, 0x0000000091d00000, 0x0000000091e00000|  0%| F|  |TAMS 0x0000000091d00000, 0x0000000091d00000| Untracked 
| 286|0x0000000091e00000, 0x0000000091e00000, 0x0000000091f00000|  0%| F|  |TAMS 0x0000000091e00000, 0x0000000091e00000| Untracked 
| 287|0x0000000091f00000, 0x0000000091f00000, 0x0000000092000000|  0%| F|  |TAMS 0x0000000091f00000, 0x0000000091f00000| Untracked 
| 288|0x0000000092000000, 0x0000000092000000, 0x0000000092100000|  0%| F|  |TAMS 0x0000000092000000, 0x0000000092000000| Untracked 
| 289|0x0000000092100000, 0x0000000092100000, 0x0000000092200000|  0%| F|  |TAMS 0x0000000092100000, 0x0000000092100000| Untracked 
| 290|0x0000000092200000, 0x0000000092200000, 0x0000000092300000|  0%| F|  |TAMS 0x0000000092200000, 0x0000000092200000| Untracked 
| 291|0x0000000092300000, 0x0000000092300000, 0x0000000092400000|  0%| F|  |TAMS 0x0000000092300000, 0x0000000092300000| Untracked 
| 292|0x0000000092400000, 0x0000000092400000, 0x0000000092500000|  0%| F|  |TAMS 0x0000000092400000, 0x0000000092400000| Untracked 
| 293|0x0000000092500000, 0x0000000092500000, 0x0000000092600000|  0%| F|  |TAMS 0x0000000092500000, 0x0000000092500000| Untracked 
| 294|0x0000000092600000, 0x0000000092600000, 0x0000000092700000|  0%| F|  |TAMS 0x0000000092600000, 0x0000000092600000| Untracked 
| 295|0x0000000092700000, 0x0000000092700000, 0x0000000092800000|  0%| F|  |TAMS 0x0000000092700000, 0x0000000092700000| Untracked 
| 296|0x0000000092800000, 0x0000000092800000, 0x0000000092900000|  0%| F|  |TAMS 0x0000000092800000, 0x0000000092800000| Untracked 
| 297|0x0000000092900000, 0x0000000092900000, 0x0000000092a00000|  0%| F|  |TAMS 0x0000000092900000, 0x0000000092900000| Untracked 
| 298|0x0000000092a00000, 0x0000000092a00000, 0x0000000092b00000|  0%| F|  |TAMS 0x0000000092a00000, 0x0000000092a00000| Untracked 
| 299|0x0000000092b00000, 0x0000000092b00000, 0x0000000092c00000|  0%| F|  |TAMS 0x0000000092b00000, 0x0000000092b00000| Untracked 
| 300|0x0000000092c00000, 0x0000000092c00000, 0x0000000092d00000|  0%| F|  |TAMS 0x0000000092c00000, 0x0000000092c00000| Untracked 
| 301|0x0000000092d00000, 0x0000000092d00000, 0x0000000092e00000|  0%| F|  |TAMS 0x0000000092d00000, 0x0000000092d00000| Untracked 
| 302|0x0000000092e00000, 0x0000000092e00000, 0x0000000092f00000|  0%| F|  |TAMS 0x0000000092e00000, 0x0000000092e00000| Untracked 
| 303|0x0000000092f00000, 0x0000000092f00000, 0x0000000093000000|  0%| F|  |TAMS 0x0000000092f00000, 0x0000000092f00000| Untracked 
| 304|0x0000000093000000, 0x0000000093000000, 0x0000000093100000|  0%| F|  |TAMS 0x0000000093000000, 0x0000000093000000| Untracked 
| 305|0x0000000093100000, 0x0000000093100000, 0x0000000093200000|  0%| F|  |TAMS 0x0000000093100000, 0x0000000093100000| Untracked 
| 306|0x0000000093200000, 0x0000000093200000, 0x0000000093300000|  0%| F|  |TAMS 0x0000000093200000, 0x0000000093200000| Untracked 
| 307|0x0000000093300000, 0x0000000093300000, 0x0000000093400000|  0%| F|  |TAMS 0x0000000093300000, 0x0000000093300000| Untracked 
| 308|0x0000000093400000, 0x0000000093400000, 0x0000000093500000|  0%| F|  |TAMS 0x0000000093400000, 0x0000000093400000| Untracked 
| 309|0x0000000093500000, 0x0000000093500000, 0x0000000093600000|  0%| F|  |TAMS 0x0000000093500000, 0x0000000093500000| Untracked 
| 310|0x0000000093600000, 0x0000000093600000, 0x0000000093700000|  0%| F|  |TAMS 0x0000000093600000, 0x0000000093600000| Untracked 
| 311|0x0000000093700000, 0x0000000093700000, 0x0000000093800000|  0%| F|  |TAMS 0x0000000093700000, 0x0000000093700000| Untracked 
| 312|0x0000000093800000, 0x0000000093800000, 0x0000000093900000|  0%| F|  |TAMS 0x0000000093800000, 0x0000000093800000| Untracked 
| 313|0x0000000093900000, 0x0000000093900000, 0x0000000093a00000|  0%| F|  |TAMS 0x0000000093900000, 0x0000000093900000| Untracked 
| 314|0x0000000093a00000, 0x0000000093a00000, 0x0000000093b00000|  0%| F|  |TAMS 0x0000000093a00000, 0x0000000093a00000| Untracked 
| 315|0x0000000093b00000, 0x0000000093b00000, 0x0000000093c00000|  0%| F|  |TAMS 0x0000000093b00000, 0x0000000093b00000| Untracked 
| 316|0x0000000093c00000, 0x0000000093c00000, 0x0000000093d00000|  0%| F|  |TAMS 0x0000000093c00000, 0x0000000093c00000| Untracked 
| 317|0x0000000093d00000, 0x0000000093d00000, 0x0000000093e00000|  0%| F|  |TAMS 0x0000000093d00000, 0x0000000093d00000| Untracked 
| 318|0x0000000093e00000, 0x0000000093e00000, 0x0000000093f00000|  0%| F|  |TAMS 0x0000000093e00000, 0x0000000093e00000| Untracked 
| 319|0x0000000093f00000, 0x0000000093f00000, 0x0000000094000000|  0%| F|  |TAMS 0x0000000093f00000, 0x0000000093f00000| Untracked 
| 320|0x0000000094000000, 0x0000000094000000, 0x0000000094100000|  0%| F|  |TAMS 0x0000000094000000, 0x0000000094000000| Untracked 
| 321|0x0000000094100000, 0x0000000094100000, 0x0000000094200000|  0%| F|  |TAMS 0x0000000094100000, 0x0000000094100000| Untracked 
| 322|0x0000000094200000, 0x0000000094200000, 0x0000000094300000|  0%| F|  |TAMS 0x0000000094200000, 0x0000000094200000| Untracked 
| 323|0x0000000094300000, 0x0000000094300000, 0x0000000094400000|  0%| F|  |TAMS 0x0000000094300000, 0x0000000094300000| Untracked 
| 324|0x0000000094400000, 0x0000000094400000, 0x0000000094500000|  0%| F|  |TAMS 0x0000000094400000, 0x0000000094400000| Untracked 
| 325|0x0000000094500000, 0x0000000094500000, 0x0000000094600000|  0%| F|  |TAMS 0x0000000094500000, 0x0000000094500000| Untracked 
| 326|0x0000000094600000, 0x0000000094600000, 0x0000000094700000|  0%| F|  |TAMS 0x0000000094600000, 0x0000000094600000| Untracked 
| 327|0x0000000094700000, 0x0000000094700000, 0x0000000094800000|  0%| F|  |TAMS 0x0000000094700000, 0x0000000094700000| Untracked 
| 328|0x0000000094800000, 0x0000000094800000, 0x0000000094900000|  0%| F|  |TAMS 0x0000000094800000, 0x0000000094800000| Untracked 
| 329|0x0000000094900000, 0x0000000094900000, 0x0000000094a00000|  0%| F|  |TAMS 0x0000000094900000, 0x0000000094900000| Untracked 
| 330|0x0000000094a00000, 0x0000000094a00000, 0x0000000094b00000|  0%| F|  |TAMS 0x0000000094a00000, 0x0000000094a00000| Untracked 
| 331|0x0000000094b00000, 0x0000000094b00000, 0x0000000094c00000|  0%| F|  |TAMS 0x0000000094b00000, 0x0000000094b00000| Untracked 
| 332|0x0000000094c00000, 0x0000000094c00000, 0x0000000094d00000|  0%| F|  |TAMS 0x0000000094c00000, 0x0000000094c00000| Untracked 
| 333|0x0000000094d00000, 0x0000000094d00000, 0x0000000094e00000|  0%| F|  |TAMS 0x0000000094d00000, 0x0000000094d00000| Untracked 
| 334|0x0000000094e00000, 0x0000000094e00000, 0x0000000094f00000|  0%| F|  |TAMS 0x0000000094e00000, 0x0000000094e00000| Untracked 
| 335|0x0000000094f00000, 0x0000000094f00000, 0x0000000095000000|  0%| F|  |TAMS 0x0000000094f00000, 0x0000000094f00000| Untracked 
| 336|0x0000000095000000, 0x0000000095000000, 0x0000000095100000|  0%| F|  |TAMS 0x0000000095000000, 0x0000000095000000| Untracked 
| 337|0x0000000095100000, 0x0000000095100000, 0x0000000095200000|  0%| F|  |TAMS 0x0000000095100000, 0x0000000095100000| Untracked 
| 338|0x0000000095200000, 0x0000000095200000, 0x0000000095300000|  0%| F|  |TAMS 0x0000000095200000, 0x0000000095200000| Untracked 
| 339|0x0000000095300000, 0x0000000095300000, 0x0000000095400000|  0%| F|  |TAMS 0x0000000095300000, 0x0000000095300000| Untracked 
| 340|0x0000000095400000, 0x0000000095400000, 0x0000000095500000|  0%| F|  |TAMS 0x0000000095400000, 0x0000000095400000| Untracked 
| 341|0x0000000095500000, 0x0000000095500000, 0x0000000095600000|  0%| F|  |TAMS 0x0000000095500000, 0x0000000095500000| Untracked 
| 342|0x0000000095600000, 0x0000000095600000, 0x0000000095700000|  0%| F|  |TAMS 0x0000000095600000, 0x0000000095600000| Untracked 
| 343|0x0000000095700000, 0x0000000095700000, 0x0000000095800000|  0%| F|  |TAMS 0x0000000095700000, 0x0000000095700000| Untracked 
| 344|0x0000000095800000, 0x0000000095800000, 0x0000000095900000|  0%| F|  |TAMS 0x0000000095800000, 0x0000000095800000| Untracked 
| 345|0x0000000095900000, 0x0000000095900000, 0x0000000095a00000|  0%| F|  |TAMS 0x0000000095900000, 0x0000000095900000| Untracked 
| 346|0x0000000095a00000, 0x0000000095a00000, 0x0000000095b00000|  0%| F|  |TAMS 0x0000000095a00000, 0x0000000095a00000| Untracked 
| 347|0x0000000095b00000, 0x0000000095b00000, 0x0000000095c00000|  0%| F|  |TAMS 0x0000000095b00000, 0x0000000095b00000| Untracked 
| 348|0x0000000095c00000, 0x0000000095c00000, 0x0000000095d00000|  0%| F|  |TAMS 0x0000000095c00000, 0x0000000095c00000| Untracked 
| 349|0x0000000095d00000, 0x0000000095d00000, 0x0000000095e00000|  0%| F|  |TAMS 0x0000000095d00000, 0x0000000095d00000| Untracked 
| 350|0x0000000095e00000, 0x0000000095e00000, 0x0000000095f00000|  0%| F|  |TAMS 0x0000000095e00000, 0x0000000095e00000| Untracked 
| 351|0x0000000095f00000, 0x0000000095f00000, 0x0000000096000000|  0%| F|  |TAMS 0x0000000095f00000, 0x0000000095f00000| Untracked 
| 352|0x0000000096000000, 0x0000000096000000, 0x0000000096100000|  0%| F|  |TAMS 0x0000000096000000, 0x0000000096000000| Untracked 
| 353|0x0000000096100000, 0x0000000096100000, 0x0000000096200000|  0%| F|  |TAMS 0x0000000096100000, 0x0000000096100000| Untracked 
| 354|0x0000000096200000, 0x0000000096200000, 0x0000000096300000|  0%| F|  |TAMS 0x0000000096200000, 0x0000000096200000| Untracked 
| 355|0x0000000096300000, 0x0000000096300000, 0x0000000096400000|  0%| F|  |TAMS 0x0000000096300000, 0x0000000096300000| Untracked 
| 356|0x0000000096400000, 0x0000000096400000, 0x0000000096500000|  0%| F|  |TAMS 0x0000000096400000, 0x0000000096400000| Untracked 
| 357|0x0000000096500000, 0x0000000096500000, 0x0000000096600000|  0%| F|  |TAMS 0x0000000096500000, 0x0000000096500000| Untracked 
| 358|0x0000000096600000, 0x0000000096600000, 0x0000000096700000|  0%| F|  |TAMS 0x0000000096600000, 0x0000000096600000| Untracked 
| 359|0x0000000096700000, 0x0000000096700000, 0x0000000096800000|  0%| F|  |TAMS 0x0000000096700000, 0x0000000096700000| Untracked 
| 360|0x0000000096800000, 0x0000000096800000, 0x0000000096900000|  0%| F|  |TAMS 0x0000000096800000, 0x0000000096800000| Untracked 
| 361|0x0000000096900000, 0x0000000096900000, 0x0000000096a00000|  0%| F|  |TAMS 0x0000000096900000, 0x0000000096900000| Untracked 
| 362|0x0000000096a00000, 0x0000000096a00000, 0x0000000096b00000|  0%| F|  |TAMS 0x0000000096a00000, 0x0000000096a00000| Untracked 
| 363|0x0000000096b00000, 0x0000000096b00000, 0x0000000096c00000|  0%| F|  |TAMS 0x0000000096b00000, 0x0000000096b00000| Untracked 
| 364|0x0000000096c00000, 0x0000000096c00000, 0x0000000096d00000|  0%| F|  |TAMS 0x0000000096c00000, 0x0000000096c00000| Untracked 
| 365|0x0000000096d00000, 0x0000000096d00000, 0x0000000096e00000|  0%| F|  |TAMS 0x0000000096d00000, 0x0000000096d00000| Untracked 
| 366|0x0000000096e00000, 0x0000000096e00000, 0x0000000096f00000|  0%| F|  |TAMS 0x0000000096e00000, 0x0000000096e00000| Untracked 
| 367|0x0000000096f00000, 0x0000000096f00000, 0x0000000097000000|  0%| F|  |TAMS 0x0000000096f00000, 0x0000000096f00000| Untracked 
| 368|0x0000000097000000, 0x0000000097000000, 0x0000000097100000|  0%| F|  |TAMS 0x0000000097000000, 0x0000000097000000| Untracked 
| 369|0x0000000097100000, 0x0000000097100000, 0x0000000097200000|  0%| F|  |TAMS 0x0000000097100000, 0x0000000097100000| Untracked 
| 370|0x0000000097200000, 0x0000000097200000, 0x0000000097300000|  0%| F|  |TAMS 0x0000000097200000, 0x0000000097200000| Untracked 
| 371|0x0000000097300000, 0x0000000097300000, 0x0000000097400000|  0%| F|  |TAMS 0x0000000097300000, 0x0000000097300000| Untracked 
| 372|0x0000000097400000, 0x0000000097400000, 0x0000000097500000|  0%| F|  |TAMS 0x0000000097400000, 0x0000000097400000| Untracked 
| 373|0x0000000097500000, 0x0000000097500000, 0x0000000097600000|  0%| F|  |TAMS 0x0000000097500000, 0x0000000097500000| Untracked 
| 374|0x0000000097600000, 0x0000000097600000, 0x0000000097700000|  0%| F|  |TAMS 0x0000000097600000, 0x0000000097600000| Untracked 
| 375|0x0000000097700000, 0x0000000097700000, 0x0000000097800000|  0%| F|  |TAMS 0x0000000097700000, 0x0000000097700000| Untracked 
| 376|0x0000000097800000, 0x0000000097800000, 0x0000000097900000|  0%| F|  |TAMS 0x0000000097800000, 0x0000000097800000| Untracked 
| 377|0x0000000097900000, 0x0000000097900000, 0x0000000097a00000|  0%| F|  |TAMS 0x0000000097900000, 0x0000000097900000| Untracked 
| 378|0x0000000097a00000, 0x0000000097a00000, 0x0000000097b00000|  0%| F|  |TAMS 0x0000000097a00000, 0x0000000097a00000| Untracked 
| 379|0x0000000097b00000, 0x0000000097b00000, 0x0000000097c00000|  0%| F|  |TAMS 0x0000000097b00000, 0x0000000097b00000| Untracked 
| 380|0x0000000097c00000, 0x0000000097c00000, 0x0000000097d00000|  0%| F|  |TAMS 0x0000000097c00000, 0x0000000097c00000| Untracked 
| 381|0x0000000097d00000, 0x0000000097d00000, 0x0000000097e00000|  0%| F|  |TAMS 0x0000000097d00000, 0x0000000097d00000| Untracked 
| 382|0x0000000097e00000, 0x0000000097f00000, 0x0000000097f00000|100%| S|CS|TAMS 0x0000000097e00000, 0x0000000097e00000| Complete 
| 383|0x0000000097f00000, 0x0000000097f00000, 0x0000000098000000|  0%| F|  |TAMS 0x0000000097f00000, 0x0000000097f00000| Untracked 
| 384|0x0000000098000000, 0x0000000098000000, 0x0000000098100000|  0%| F|  |TAMS 0x0000000098000000, 0x0000000098000000| Untracked 
| 385|0x0000000098100000, 0x0000000098100000, 0x0000000098200000|  0%| F|  |TAMS 0x0000000098100000, 0x0000000098100000| Untracked 
| 386|0x0000000098200000, 0x0000000098200000, 0x0000000098300000|  0%| F|  |TAMS 0x0000000098200000, 0x0000000098200000| Untracked 
| 387|0x0000000098300000, 0x0000000098300000, 0x0000000098400000|  0%| F|  |TAMS 0x0000000098300000, 0x0000000098300000| Untracked 
| 388|0x0000000098400000, 0x0000000098400000, 0x0000000098500000|  0%| F|  |TAMS 0x0000000098400000, 0x0000000098400000| Untracked 
| 389|0x0000000098500000, 0x0000000098500000, 0x0000000098600000|  0%| F|  |TAMS 0x0000000098500000, 0x0000000098500000| Untracked 
| 390|0x0000000098600000, 0x0000000098600000, 0x0000000098700000|  0%| F|  |TAMS 0x0000000098600000, 0x0000000098600000| Untracked 
| 391|0x0000000098700000, 0x0000000098700000, 0x0000000098800000|  0%| F|  |TAMS 0x0000000098700000, 0x0000000098700000| Untracked 
| 392|0x0000000098800000, 0x0000000098800000, 0x0000000098900000|  0%| F|  |TAMS 0x0000000098800000, 0x0000000098800000| Untracked 
| 393|0x0000000098900000, 0x0000000098900000, 0x0000000098a00000|  0%| F|  |TAMS 0x0000000098900000, 0x0000000098900000| Untracked 
| 394|0x0000000098a00000, 0x0000000098a00000, 0x0000000098b00000|  0%| F|  |TAMS 0x0000000098a00000, 0x0000000098a00000| Untracked 
| 395|0x0000000098b00000, 0x0000000098b00000, 0x0000000098c00000|  0%| F|  |TAMS 0x0000000098b00000, 0x0000000098b00000| Untracked 
| 396|0x0000000098c00000, 0x0000000098c00000, 0x0000000098d00000|  0%| F|  |TAMS 0x0000000098c00000, 0x0000000098c00000| Untracked 
| 397|0x0000000098d00000, 0x0000000098d00000, 0x0000000098e00000|  0%| F|  |TAMS 0x0000000098d00000, 0x0000000098d00000| Untracked 
| 398|0x0000000098e00000, 0x0000000098e00000, 0x0000000098f00000|  0%| F|  |TAMS 0x0000000098e00000, 0x0000000098e00000| Untracked 
| 399|0x0000000098f00000, 0x0000000098f00000, 0x0000000099000000|  0%| F|  |TAMS 0x0000000098f00000, 0x0000000098f00000| Untracked 
| 400|0x0000000099000000, 0x0000000099000000, 0x0000000099100000|  0%| F|  |TAMS 0x0000000099000000, 0x0000000099000000| Untracked 
| 401|0x0000000099100000, 0x0000000099100000, 0x0000000099200000|  0%| F|  |TAMS 0x0000000099100000, 0x0000000099100000| Untracked 

Card table byte_map: [0x0000019f708a0000,0x0000019f70ca0000] _byte_map_base: 0x0000019f704a0000

Marking Bits (Prev, Next): (CMBitMap*) 0x0000019f59c2cf70, (CMBitMap*) 0x0000019f59c2cf30
 Prev Bits: [0x0000019f730a0000, 0x0000019f750a0000)
 Next Bits: [0x0000019f710a0000, 0x0000019f730a0000)

Polling page: 0x0000019f59320000

Metaspace:

Usage:
  Non-class:     94.75 MB used.
      Class:     15.12 MB used.
       Both:    109.87 MB used.

Virtual space:
  Non-class space:      128.00 MB reserved,      95.31 MB ( 74%) committed,  2 nodes.
      Class space:        1.00 GB reserved,      15.62 MB (  2%) committed,  1 nodes.
             Both:        1.12 GB reserved,     110.94 MB ( 10%) committed. 

Chunk freelists:
   Non-Class:  301.00 KB
       Class:  327.00 KB
        Both:  628.00 KB

MaxMetaspaceSize: unlimited
CompressedClassSpaceSize: 1.00 GB
Initial GC threshold: 21.00 MB
Current GC threshold: 164.81 MB
CDS: on
MetaspaceReclaimPolicy: balanced
 - commit_granule_bytes: 65536.
 - commit_granule_words: 8192.
 - virtual_space_node_default_size: 8388608.
 - enlarge_chunks_in_place: 1.
 - new_chunks_are_fully_committed: 0.
 - uncommit_free_chunks: 1.
 - use_allocation_guard: 0.
 - handle_deallocations: 1.


Internal statistics:

num_allocs_failed_limit: 3.
num_arena_births: 1568.
num_arena_deaths: 4.
num_vsnodes_births: 3.
num_vsnodes_deaths: 0.
num_space_committed: 1775.
num_space_uncommitted: 0.
num_chunks_returned_to_freelist: 14.
num_chunks_taken_from_freelist: 6494.
num_chunk_merges: 3.
num_chunk_splits: 4234.
num_chunks_enlarged: 2734.
num_inconsistent_stats: 0.

CodeHeap 'non-profiled nmethods': size=120000Kb used=7845Kb max_used=7845Kb free=112154Kb
 bounds [0x0000019f68f70000, 0x0000019f69720000, 0x0000019f704a0000]
CodeHeap 'profiled nmethods': size=120000Kb used=22587Kb max_used=22587Kb free=97413Kb
 bounds [0x0000019f614a0000, 0x0000019f62ab0000, 0x0000019f689d0000]
CodeHeap 'non-nmethods': size=5760Kb used=2488Kb max_used=2498Kb free=3271Kb
 bounds [0x0000019f689d0000, 0x0000019f68c50000, 0x0000019f68f70000]
 total_blobs=12658 nmethods=11633 adapters=936
 compilation: enabled
              stopped_count=0, restarted_count=0
 full_count=0

Compilation events (20 events):
Event: 161.456 Thread 0x0000019f77559270 13909       3       org.gradle.tooling.internal.adapter.ProtocolToModelAdapter$MethodInvocationCache$MethodInvocationKey::<init> (86 bytes)
Event: 161.458 Thread 0x0000019f77559270 nmethod 13909 0x0000019f62aa6110 code [0x0000019f62aa6360, 0x0000019f62aa6dc8]
Event: 161.464 Thread 0x0000019f77559270 13910   !   3       org.gradle.tooling.internal.adapter.ProtocolToModelAdapter$MethodInvocationCache::get (241 bytes)
Event: 161.469 Thread 0x0000019f77559270 nmethod 13910 0x0000019f62aa7110 code [0x0000019f62aa74c0, 0x0000019f62aa8d68]
Event: 161.575 Thread 0x0000019f77559270 13911       3       java.util.concurrent.locks.ReentrantReadWriteLock$Sync::isHeldExclusively (16 bytes)
Event: 161.576 Thread 0x0000019f77559270 nmethod 13911 0x0000019f62aa9910 code [0x0000019f62aa9aa0, 0x0000019f62aa9c38]
Event: 161.581 Thread 0x0000019f77559270 13912       3       java.util.concurrent.locks.ReentrantReadWriteLock$Sync::tryAcquire (92 bytes)
Event: 161.582 Thread 0x0000019f77559270 nmethod 13912 0x0000019f62aa9d10 code [0x0000019f62aa9f20, 0x0000019f62aaa5a8]
Event: 161.642 Thread 0x0000019f77559270 13913       3       org.gradle.tooling.internal.adapter.ProtocolToModelAdapter$MethodInvocationCache$MethodInvocationKey::equals (89 bytes)
Event: 161.644 Thread 0x0000019f77559270 nmethod 13913 0x0000019f62aaa710 code [0x0000019f62aaa9c0, 0x0000019f62aab868]
Event: 161.667 Thread 0x0000019f77559270 13919       3       java.lang.invoke.LambdaForm::arguments (47 bytes)
Event: 161.669 Thread 0x0000019f77559270 nmethod 13919 0x0000019f62aabc90 code [0x0000019f62aabec0, 0x0000019f62aac748]
Event: 161.669 Thread 0x0000019f77559270 13916  s    3       java.lang.invoke.MethodTypeForm::setCachedLambdaForm (44 bytes)
Event: 161.670 Thread 0x0000019f77559270 nmethod 13916 0x0000019f62aacb90 code [0x0000019f62aacda0, 0x0000019f62aad6e8]
Event: 161.680 Thread 0x0000019f77559270 13922       3       java.lang.invoke.InvokerBytecodeGenerator::resolveFrom (81 bytes)
Event: 161.682 Thread 0x0000019f77559270 nmethod 13922 0x0000019f62aad990 code [0x0000019f62aadb60, 0x0000019f62aade28]
Event: 161.682 Thread 0x0000019f77559270 13923       3       java.lang.invoke.InvokerBytecodeGenerator::<init> (12 bytes)
Event: 161.682 Thread 0x0000019f77559270 nmethod 13923 0x0000019f62aadf90 code [0x0000019f62aae140, 0x0000019f62aae2d8]
Event: 161.860 Thread 0x0000019f77559270 13927   !   3       org.gradle.api.internal.provider.DefaultProperty::getProvider (48 bytes)
Event: 161.862 Thread 0x0000019f77559270 nmethod 13927 0x0000019f62aae410 code [0x0000019f62aae640, 0x0000019f62aaeee8]

GC Heap History (20 events):
Event: 87.252 GC heap after
{Heap after GC invocations=49 (full 0):
 garbage-first heap   total 411648K, used 111586K [0x0000000080000000, 0x0000000100000000)
  region size 1024K, 2 young (2048K), 2 survivors (2048K)
 Metaspace       used 64915K, committed 65728K, reserved 1114112K
  class space    used 9038K, committed 9408K, reserved 1048576K
}
Event: 89.346 GC heap before
{Heap before GC invocations=49 (full 0):
 garbage-first heap   total 411648K, used 152546K [0x0000000080000000, 0x0000000100000000)
  region size 1024K, 43 young (44032K), 2 survivors (2048K)
 Metaspace       used 65086K, committed 65792K, reserved 1114112K
  class space    used 9058K, committed 9408K, reserved 1048576K
}
Event: 89.369 GC heap after
{Heap after GC invocations=50 (full 0):
 garbage-first heap   total 411648K, used 114435K [0x0000000080000000, 0x0000000100000000)
  region size 1024K, 4 young (4096K), 4 survivors (4096K)
 Metaspace       used 65086K, committed 65792K, reserved 1114112K
  class space    used 9058K, committed 9408K, reserved 1048576K
}
Event: 114.568 GC heap before
{Heap before GC invocations=51 (full 0):
 garbage-first heap   total 396288K, used 354051K [0x0000000080000000, 0x0000000100000000)
  region size 1024K, 217 young (222208K), 4 survivors (4096K)
 Metaspace       used 81027K, committed 81984K, reserved 1179648K
  class space    used 11107K, committed 11584K, reserved 1048576K
}
Event: 114.732 GC heap after
{Heap after GC invocations=52 (full 0):
 garbage-first heap   total 396288K, used 149262K [0x0000000080000000, 0x0000000100000000)
  region size 1024K, 21 young (21504K), 21 survivors (21504K)
 Metaspace       used 81027K, committed 81984K, reserved 1179648K
  class space    used 11107K, committed 11584K, reserved 1048576K
}
Event: 114.836 GC heap before
{Heap before GC invocations=52 (full 0):
 garbage-first heap   total 396288K, used 149262K [0x0000000080000000, 0x0000000100000000)
  region size 1024K, 22 young (22528K), 21 survivors (21504K)
 Metaspace       used 81126K, committed 82048K, reserved 1179648K
  class space    used 11116K, committed 11584K, reserved 1048576K
}
Event: 114.974 GC heap after
{Heap after GC invocations=53 (full 0):
 garbage-first heap   total 396288K, used 149371K [0x0000000080000000, 0x0000000100000000)
  region size 1024K, 2 young (2048K), 2 survivors (2048K)
 Metaspace       used 81126K, committed 82048K, reserved 1179648K
  class space    used 11116K, committed 11584K, reserved 1048576K
}
Event: 121.529 GC heap before
{Heap before GC invocations=53 (full 0):
 garbage-first heap   total 396288K, used 272251K [0x0000000080000000, 0x0000000100000000)
  region size 1024K, 123 young (125952K), 2 survivors (2048K)
 Metaspace       used 87762K, committed 88704K, reserved 1179648K
  class space    used 12010K, committed 12480K, reserved 1048576K
}
Event: 121.567 GC heap after
{Heap after GC invocations=54 (full 0):
 garbage-first heap   total 396288K, used 154994K [0x0000000080000000, 0x0000000100000000)
  region size 1024K, 8 young (8192K), 8 survivors (8192K)
 Metaspace       used 87762K, committed 88704K, reserved 1179648K
  class space    used 12010K, committed 12480K, reserved 1048576K
}
Event: 138.231 GC heap before
{Heap before GC invocations=55 (full 0):
 garbage-first heap   total 396288K, used 321906K [0x0000000080000000, 0x0000000100000000)
  region size 1024K, 169 young (173056K), 8 survivors (8192K)
 Metaspace       used 100006K, committed 100992K, reserved 1179648K
  class space    used 13902K, committed 14400K, reserved 1048576K
}
Event: 138.329 GC heap after
{Heap after GC invocations=56 (full 0):
 garbage-first heap   total 396288K, used 163603K [0x0000000080000000, 0x0000000100000000)
  region size 1024K, 14 young (14336K), 14 survivors (14336K)
 Metaspace       used 100006K, committed 100992K, reserved 1179648K
  class space    used 13902K, committed 14400K, reserved 1048576K
}
Event: 138.827 GC heap before
{Heap before GC invocations=56 (full 0):
 garbage-first heap   total 396288K, used 168723K [0x0000000080000000, 0x0000000100000000)
  region size 1024K, 19 young (19456K), 14 survivors (14336K)
 Metaspace       used 100006K, committed 100992K, reserved 1179648K
  class space    used 13902K, committed 14400K, reserved 1048576K
}
Event: 138.934 GC heap after
{Heap after GC invocations=57 (full 0):
 garbage-first heap   total 396288K, used 163451K [0x0000000080000000, 0x0000000100000000)
  region size 1024K, 3 young (3072K), 3 survivors (3072K)
 Metaspace       used 100006K, committed 100992K, reserved 1179648K
  class space    used 13902K, committed 14400K, reserved 1048576K
}
Event: 148.667 GC heap before
{Heap before GC invocations=57 (full 0):
 garbage-first heap   total 396288K, used 325243K [0x0000000080000000, 0x0000000100000000)
  region size 1024K, 161 young (164864K), 3 survivors (3072K)
 Metaspace       used 100016K, committed 101056K, reserved 1179648K
  class space    used 13902K, committed 14400K, reserved 1048576K
}
Event: 148.711 GC heap after
{Heap after GC invocations=58 (full 0):
 garbage-first heap   total 396288K, used 169996K [0x0000000080000000, 0x0000000100000000)
  region size 1024K, 10 young (10240K), 10 survivors (10240K)
 Metaspace       used 100016K, committed 101056K, reserved 1179648K
  class space    used 13902K, committed 14400K, reserved 1048576K
}
Event: 161.486 GC heap before
{Heap before GC invocations=59 (full 0):
 garbage-first heap   total 396288K, used 326668K [0x0000000080000000, 0x0000000100000000)
  region size 1024K, 162 young (165888K), 10 survivors (10240K)
 Metaspace       used 112208K, committed 113344K, reserved 1179648K
  class space    used 15444K, committed 16000K, reserved 1048576K
}
Event: 161.549 GC heap after
{Heap after GC invocations=60 (full 0):
 garbage-first heap   total 396288K, used 177150K [0x0000000080000000, 0x0000000100000000)
  region size 1024K, 17 young (17408K), 17 survivors (17408K)
 Metaspace       used 112208K, committed 113344K, reserved 1179648K
  class space    used 15444K, committed 16000K, reserved 1048576K
}
Event: 161.686 GC heap before
{Heap before GC invocations=60 (full 0):
 garbage-first heap   total 396288K, used 179198K [0x0000000080000000, 0x0000000100000000)
  region size 1024K, 19 young (19456K), 17 survivors (17408K)
 Metaspace       used 112407K, committed 113472K, reserved 1179648K
  class space    used 15467K, committed 16000K, reserved 1048576K
}
Event: 161.775 GC heap after
{Heap after GC invocations=61 (full 0):
 garbage-first heap   total 396288K, used 177142K [0x0000000080000000, 0x0000000100000000)
  region size 1024K, 2 young (2048K), 2 survivors (2048K)
 Metaspace       used 112407K, committed 113472K, reserved 1179648K
  class space    used 15467K, committed 16000K, reserved 1048576K
}
Event: 162.130 GC heap before
{Heap before GC invocations=61 (full 0):
 garbage-first heap   total 396288K, used 178166K [0x0000000080000000, 0x0000000100000000)
  region size 1024K, 4 young (4096K), 2 survivors (2048K)
 Metaspace       used 112505K, committed 113600K, reserved 1179648K
  class space    used 15478K, committed 16000K, reserved 1048576K
}

Deoptimization events (20 events):
Event: 159.180 Thread 0x0000019f7c098a90 DEOPT PACKING pc=0x0000019f696e82d8 sp=0x0000000472ff5fb0
Event: 159.180 Thread 0x0000019f7c098a90 DEOPT UNPACKING pc=0x0000019f68a223a3 sp=0x0000000472ff5f70 mode 2
Event: 160.120 Thread 0x0000019f7c09b310 Uncommon trap: trap_request=0xffffff45 fr.pc=0x0000019f6932059c relative=0x00000000000006bc
Event: 160.120 Thread 0x0000019f7c09b310 Uncommon trap: reason=unstable_if action=reinterpret pc=0x0000019f6932059c method=com.esotericsoftware.kryo.io.Output.writeUtf8Length(I)V @ 42 c2
Event: 160.120 Thread 0x0000019f7c09b310 DEOPT PACKING pc=0x0000019f6932059c sp=0x00000004730feec0
Event: 160.120 Thread 0x0000019f7c09b310 DEOPT UNPACKING pc=0x0000019f68a223a3 sp=0x00000004730fee88 mode 2
Event: 160.120 Thread 0x0000019f7c09b310 Uncommon trap: trap_request=0xffffff45 fr.pc=0x0000019f69361784 relative=0x0000000000000244
Event: 160.120 Thread 0x0000019f7c09b310 Uncommon trap: reason=unstable_if action=reinterpret pc=0x0000019f69361784 method=com.esotericsoftware.kryo.io.Output.writeString(Ljava/lang/CharSequence;)V @ 50 c2
Event: 160.120 Thread 0x0000019f7c09b310 DEOPT PACKING pc=0x0000019f69361784 sp=0x00000004730fef30
Event: 160.120 Thread 0x0000019f7c09b310 DEOPT UNPACKING pc=0x0000019f68a223a3 sp=0x00000004730fee58 mode 2
Event: 160.474 Thread 0x0000019f7c098a90 DEOPT PACKING pc=0x0000019f61538296 sp=0x0000000472ff68e0
Event: 160.474 Thread 0x0000019f7c098a90 DEOPT UNPACKING pc=0x0000019f68a22b43 sp=0x0000000472ff5e80 mode 0
Event: 160.489 Thread 0x0000019f7c098a90 Uncommon trap: trap_request=0xffffffbe fr.pc=0x0000019f696f7bcc relative=0x0000000000000dec
Event: 160.489 Thread 0x0000019f7c098a90 Uncommon trap: reason=profile_predicate action=maybe_recompile pc=0x0000019f696f7bcc method=java.util.TimSort.gallopLeft(Ljava/lang/Object;[Ljava/lang/Object;IIILjava/util/Comparator;)I @ 147 c2
Event: 160.489 Thread 0x0000019f7c098a90 DEOPT PACKING pc=0x0000019f696f7bcc sp=0x0000000472ff6660
Event: 160.489 Thread 0x0000019f7c098a90 DEOPT UNPACKING pc=0x0000019f68a223a3 sp=0x0000000472ff65e8 mode 2
Event: 161.551 Thread 0x0000019f77538f10 Uncommon trap: trap_request=0xffffff45 fr.pc=0x0000019f695801e8 relative=0x00000000000006a8
Event: 161.551 Thread 0x0000019f77538f10 Uncommon trap: reason=unstable_if action=reinterpret pc=0x0000019f695801e8 method=java.lang.ThreadLocal.remove()V @ 9 c2
Event: 161.551 Thread 0x0000019f77538f10 DEOPT PACKING pc=0x0000019f695801e8 sp=0x0000000471bff490
Event: 161.551 Thread 0x0000019f77538f10 DEOPT UNPACKING pc=0x0000019f68a223a3 sp=0x0000000471bff458 mode 2

Classes unloaded (12 events):
Event: 55.489 Thread 0x0000019f77530650 Unloading class 0x0000019f017043e8 '_BuildScript_$_run_closure1$_closure2'
Event: 55.489 Thread 0x0000019f77530650 Unloading class 0x0000019f01704000 '_BuildScript_$_run_closure1'
Event: 55.489 Thread 0x0000019f77530650 Unloading class 0x0000019f016fc000 '_BuildScript_'
Event: 76.402 Thread 0x0000019f77530650 Unloading class 0x0000019f017294d0 '_BuildScript_$_run_closure1$_closure3'
Event: 76.402 Thread 0x0000019f77530650 Unloading class 0x0000019f017290e8 '_BuildScript_$_run_closure1$_closure2'
Event: 76.402 Thread 0x0000019f77530650 Unloading class 0x0000019f01728d00 '_BuildScript_$_run_closure1'
Event: 76.402 Thread 0x0000019f77530650 Unloading class 0x0000019f017287d0 '_BuildScript_'
Event: 76.402 Thread 0x0000019f77530650 Unloading class 0x0000019f017283e8 'JetGradlePlugin$_apply_closure1$_closure2$_closure3'
Event: 76.402 Thread 0x0000019f77530650 Unloading class 0x0000019f01728000 'JetGradlePlugin$_apply_closure1$_closure2'
Event: 76.402 Thread 0x0000019f77530650 Unloading class 0x0000019f01721400 'JetGradlePlugin$_apply_closure1'
Event: 76.402 Thread 0x0000019f77530650 Unloading class 0x0000019f01721ac8 'JetGradlePlugin'
Event: 76.402 Thread 0x0000019f77530650 Unloading class 0x0000019f01721800 'RegistryProcessor'

Classes redefined (0 events):
No events

Internal exceptions (20 events):
Event: 151.241 Thread 0x0000019f7c098a90 Exception <a 'java/lang/ClassNotFoundException'{0x0000000096d97590}: org/gradle/api/internal/plugins/NaggingBasePluginConventionBeanInfo> (0x0000000096d97590) 
thrown [s\open\src\hotspot\share\classfile\systemDictionary.cpp, line 256]
Event: 151.243 Thread 0x0000019f7c098a90 Exception <a 'java/lang/ClassNotFoundException'{0x0000000096da4810}: org/gradle/api/plugins/BasePluginConventionBeanInfo> (0x0000000096da4810) 
thrown [s\open\src\hotspot\share\classfile\systemDictionary.cpp, line 256]
Event: 151.244 Thread 0x0000019f7c098a90 Exception <a 'java/lang/ClassNotFoundException'{0x0000000096db1a58}: org/gradle/api/plugins/BasePluginConventionCustomizer> (0x0000000096db1a58) 
thrown [s\open\src\hotspot\share\classfile\systemDictionary.cpp, line 256]
Event: 151.248 Thread 0x0000019f7c098a90 Exception <a 'java/lang/ClassNotFoundException'{0x0000000096dc93f8}: org/gradle/api/internal/plugins/NaggingBasePluginConventionCustomizer> (0x0000000096dc93f8) 
thrown [s\open\src\hotspot\share\classfile\systemDictionary.cpp, line 256]
Event: 151.258 Thread 0x0000019f7c098a90 Exception <a 'java/lang/ClassNotFoundException'{0x0000000096c087a8}: org/gradle/api/plugins/internal/NaggingJavaPluginConventionBeanInfo> (0x0000000096c087a8) 
thrown [s\open\src\hotspot\share\classfile\systemDictionary.cpp, line 256]
Event: 151.259 Thread 0x0000019f7c098a90 Exception <a 'java/lang/ClassNotFoundException'{0x0000000096c15a28}: org/gradle/api/plugins/JavaPluginConventionBeanInfo> (0x0000000096c15a28) 
thrown [s\open\src\hotspot\share\classfile\systemDictionary.cpp, line 256]
Event: 151.262 Thread 0x0000019f7c098a90 Exception <a 'java/lang/ClassNotFoundException'{0x0000000096c22c70}: org/gradle/api/plugins/JavaPluginConventionCustomizer> (0x0000000096c22c70) 
thrown [s\open\src\hotspot\share\classfile\systemDictionary.cpp, line 256]
Event: 151.266 Thread 0x0000019f7c098a90 Exception <a 'java/lang/ClassNotFoundException'{0x0000000096c442b0}: org/gradle/api/plugins/internal/NaggingJavaPluginConventionCustomizer> (0x0000000096c442b0) 
thrown [s\open\src\hotspot\share\classfile\systemDictionary.cpp, line 256]
Event: 151.332 Thread 0x0000019f7d8104d0 Exception <a 'java/lang/NoSuchMethodError'{0x000000009676ec60}: static Lorg/jetbrains/plugins/gradle/tooling/serialization/internal/adapter/kotlin/dsl/InternalKotlinDslScriptsModel;.<clinit>()V> (0x000000009676ec60) 
thrown [s\open\src\hotspot\share\prims\jni.cpp, line 1112]
Event: 151.334 Thread 0x0000019f7d8104d0 Exception <a 'java/lang/NoSuchMethodError'{0x0000000096779ed0}: static Lorg/jetbrains/plugins/gradle/tooling/serialization/internal/adapter/kotlin/dsl/InternalKotlinDslScriptModel;.<clinit>()V> (0x0000000096779ed0) 
thrown [s\open\src\hotspot\share\prims\jni.cpp, line 1112]
Event: 151.522 Thread 0x0000019f7d8104d0 Exception <a 'java/lang/NoSuchMethodError'{0x0000000096660a08}: static Lcom/intellij/gradle/toolingExtension/impl/javaModel/manifestModel/DefaultJavaGradleManifestModel;.<clinit>()V> (0x0000000096660a08) 
thrown [s\open\src\hotspot\share\prims\jni.cpp, line 1112]
Event: 152.445 Thread 0x0000019f7c098a90 Exception <a 'java/lang/NoSuchMethodError'{0x0000000095a365b8}: 'void java.lang.invoke.DirectMethodHandle$Holder.invokeStatic(java.lang.Object, int, java.lang.Object)'> (0x0000000095a365b8) 
thrown [s\open\src\hotspot\share\interpreter\linkResolver.cpp, line 759]
Event: 153.384 Thread 0x0000019f7c098a90 Exception <a 'sun/nio/fs/WindowsException'{0x00000000950d3668}> (0x00000000950d3668) 
thrown [s\open\src\hotspot\share\prims\jni.cpp, line 516]
Event: 153.639 Thread 0x0000019f7c098a90 Exception <a 'sun/nio/fs/WindowsException'{0x0000000094c651a0}> (0x0000000094c651a0) 
thrown [s\open\src\hotspot\share\prims\jni.cpp, line 516]
Event: 153.640 Thread 0x0000019f7c098a90 Exception <a 'sun/nio/fs/WindowsException'{0x0000000094c66800}> (0x0000000094c66800) 
thrown [s\open\src\hotspot\share\prims\jni.cpp, line 516]
Event: 153.641 Thread 0x0000019f7c098a90 Exception <a 'sun/nio/fs/WindowsException'{0x0000000094c67eb0}> (0x0000000094c67eb0) 
thrown [s\open\src\hotspot\share\prims\jni.cpp, line 516]
Event: 153.641 Thread 0x0000019f7c098a90 Exception <a 'sun/nio/fs/WindowsException'{0x0000000094c69560}> (0x0000000094c69560) 
thrown [s\open\src\hotspot\share\prims\jni.cpp, line 516]
Event: 154.763 Thread 0x0000019f7c098a90 Exception <a 'java/lang/NullPointerException'{0x0000000093f02908}> (0x0000000093f02908) 
thrown [s\open\src\hotspot\share\interpreter\linkResolver.cpp, line 1433]
Event: 158.330 Thread 0x0000019f7c098a90 Implicit null exception at 0x0000019f696dea30 to 0x0000019f696deaa9
Event: 161.551 Thread 0x0000019f77538f10 Implicit null exception at 0x0000019f6957fb7d to 0x0000019f695801d4

VM Operations (20 events):
Event: 155.866 Executing VM operation: Cleanup done
Event: 156.329 Executing VM operation: HandshakeAllThreads
Event: 156.329 Executing VM operation: HandshakeAllThreads done
Event: 156.522 Executing VM operation: HandshakeAllThreads
Event: 156.523 Executing VM operation: HandshakeAllThreads done
Event: 156.719 Executing VM operation: HandshakeAllThreads
Event: 156.720 Executing VM operation: HandshakeAllThreads done
Event: 157.736 Executing VM operation: Cleanup
Event: 157.764 Executing VM operation: Cleanup done
Event: 158.774 Executing VM operation: Cleanup
Event: 158.774 Executing VM operation: Cleanup done
Event: 159.777 Executing VM operation: Cleanup
Event: 159.781 Executing VM operation: Cleanup done
Event: 160.785 Executing VM operation: Cleanup
Event: 160.786 Executing VM operation: Cleanup done
Event: 161.486 Executing VM operation: G1CollectForAllocation
Event: 161.549 Executing VM operation: G1CollectForAllocation done
Event: 161.685 Executing VM operation: G1CollectForAllocation
Event: 161.775 Executing VM operation: G1CollectForAllocation done
Event: 162.130 Executing VM operation: G1TryInitiateConcMark

Events (20 events):
Event: 160.344 loading class javax/xml/stream/events/StartElement done
Event: 160.344 loading class com/sun/xml/internal/stream/events/StartElementEvent done
Event: 160.345 loading class com/sun/xml/internal/stream/events/NamespaceImpl
Event: 160.352 loading class javax/xml/stream/events/Namespace
Event: 160.352 loading class javax/xml/stream/events/Attribute
Event: 160.353 loading class javax/xml/stream/events/Attribute done
Event: 160.353 loading class javax/xml/stream/events/Namespace done
Event: 160.353 loading class com/sun/xml/internal/stream/events/AttributeImpl
Event: 160.354 loading class com/sun/xml/internal/stream/events/AttributeImpl done
Event: 160.354 loading class com/sun/xml/internal/stream/events/NamespaceImpl done
Event: 160.355 loading class com/sun/org/apache/xerces/internal/util/NamespaceSupport$Prefixes
Event: 160.355 loading class com/sun/org/apache/xerces/internal/util/NamespaceSupport$Prefixes done
Event: 160.356 loading class com/sun/xml/internal/stream/events/CharacterEvent
Event: 160.356 loading class javax/xml/stream/events/Characters
Event: 160.357 loading class javax/xml/stream/events/Characters done
Event: 160.357 loading class com/sun/xml/internal/stream/events/CharacterEvent done
Event: 160.358 loading class com/sun/xml/internal/stream/events/EndElementEvent
Event: 160.363 loading class javax/xml/stream/events/EndElement
Event: 160.363 loading class javax/xml/stream/events/EndElement done
Event: 160.364 loading class com/sun/xml/internal/stream/events/EndElementEvent done


Dynamic libraries:
0x00007ff63bcb0000 - 0x00007ff63bcc0000 	C:\Program Files\Java\jdk-17\bin\java.exe
0x00007ffe03640000 - 0x00007ffe038a3000 	C:\WINDOWS\SYSTEM32\ntdll.dll
0x00007ffe01af0000 - 0x00007ffe01bb7000 	C:\WINDOWS\System32\KERNEL32.DLL
0x00007ffe00dd0000 - 0x00007ffe01199000 	C:\WINDOWS\System32\KERNELBASE.dll
0x00007ffe00840000 - 0x00007ffe0098c000 	C:\WINDOWS\System32\ucrtbase.dll
0x00007ffdd87d0000 - 0x00007ffdd87eb000 	C:\Program Files\Java\jdk-17\bin\VCRUNTIME140.dll
0x00007ffdd8120000 - 0x00007ffdd8139000 	C:\Program Files\Java\jdk-17\bin\jli.dll
0x00007ffe01bc0000 - 0x00007ffe01c72000 	C:\WINDOWS\System32\ADVAPI32.dll
0x00007ffe01c90000 - 0x00007ffe01d39000 	C:\WINDOWS\System32\msvcrt.dll
0x00007ffe018e0000 - 0x00007ffe01986000 	C:\WINDOWS\System32\sechost.dll
0x00007ffe01460000 - 0x00007ffe01576000 	C:\WINDOWS\System32\RPCRT4.dll
0x00007ffe02dd0000 - 0x00007ffe02f9a000 	C:\WINDOWS\System32\USER32.dll
0x00007ffde7b00000 - 0x00007ffde7d90000 	C:\WINDOWS\WinSxS\amd64_microsoft.windows.common-controls_6595b64144ccf1df_6.0.26100.3323_none_3e088096e3344490\COMCTL32.dll
0x00007ffe00d10000 - 0x00007ffe00d37000 	C:\WINDOWS\System32\win32u.dll
0x00007ffe02440000 - 0x00007ffe0246a000 	C:\WINDOWS\System32\GDI32.dll
0x00007ffe011a0000 - 0x00007ffe012d1000 	C:\WINDOWS\System32\gdi32full.dll
0x00007ffe00990000 - 0x00007ffe00a33000 	C:\WINDOWS\System32\msvcp_win.dll
0x00007ffdf0e90000 - 0x00007ffdf0e9b000 	C:\WINDOWS\SYSTEM32\VERSION.dll
0x00007ffe018a0000 - 0x00007ffe018cf000 	C:\WINDOWS\System32\IMM32.DLL
0x00007ffdf32c0000 - 0x00007ffdf32cc000 	C:\Program Files\Java\jdk-17\bin\vcruntime140_1.dll
0x00007ffdd0290000 - 0x00007ffdd031e000 	C:\Program Files\Java\jdk-17\bin\msvcp140.dll
0x00007ffda8c20000 - 0x00007ffda9801000 	C:\Program Files\Java\jdk-17\bin\server\jvm.dll
0x00007ffe026a0000 - 0x00007ffe026a8000 	C:\WINDOWS\System32\PSAPI.DLL
0x00007ffdf31c0000 - 0x00007ffdf31ca000 	C:\WINDOWS\SYSTEM32\WSOCK32.dll
0x00007ffdf7130000 - 0x00007ffdf7166000 	C:\WINDOWS\SYSTEM32\WINMM.dll
0x00007ffe03390000 - 0x00007ffe03404000 	C:\WINDOWS\System32\WS2_32.dll
0x00007ffdff660000 - 0x00007ffdff67a000 	C:\WINDOWS\SYSTEM32\kernel.appcore.dll
0x00007ffdf3100000 - 0x00007ffdf310a000 	C:\Program Files\Java\jdk-17\bin\jimage.dll
0x00007ffde4170000 - 0x00007ffde43b1000 	C:\WINDOWS\SYSTEM32\DBGHELP.DLL
0x00007ffe02fa0000 - 0x00007ffe03322000 	C:\WINDOWS\System32\combase.dll
0x00007ffe03510000 - 0x00007ffe035e6000 	C:\WINDOWS\System32\OLEAUT32.dll
0x00007ffdf4dd0000 - 0x00007ffdf4e09000 	C:\WINDOWS\SYSTEM32\dbgcore.DLL
0x00007ffe00c70000 - 0x00007ffe00d09000 	C:\WINDOWS\System32\bcryptPrimitives.dll
0x00007ffdf8430000 - 0x00007ffdf843e000 	C:\Program Files\Java\jdk-17\bin\instrument.dll
0x00007ffdd75a0000 - 0x00007ffdd75c5000 	C:\Program Files\Java\jdk-17\bin\java.dll
0x00007ffdcf020000 - 0x00007ffdcf0f7000 	C:\Program Files\Java\jdk-17\bin\jsvml.dll
0x00007ffe026b0000 - 0x00007ffe02dc5000 	C:\WINDOWS\System32\SHELL32.dll
0x00007ffe00a40000 - 0x00007ffe00ba8000 	C:\WINDOWS\System32\wintypes.dll
0x00007ffdfe560000 - 0x00007ffdfeda5000 	C:\WINDOWS\SYSTEM32\windows.storage.dll
0x00007ffe017b0000 - 0x00007ffe0189b000 	C:\WINDOWS\System32\SHCORE.dll
0x00007ffe03330000 - 0x00007ffe0338d000 	C:\WINDOWS\System32\shlwapi.dll
0x00007ffe00750000 - 0x00007ffe0077f000 	C:\WINDOWS\SYSTEM32\profapi.dll
0x00007ffdd8100000 - 0x00007ffdd8118000 	C:\Program Files\Java\jdk-17\bin\zip.dll
0x00007ffdd7b60000 - 0x00007ffdd7b79000 	C:\Program Files\Java\jdk-17\bin\net.dll
0x00007ffdf9210000 - 0x00007ffdf932e000 	C:\WINDOWS\SYSTEM32\WINHTTP.dll
0x00007ffdffb80000 - 0x00007ffdffbea000 	C:\WINDOWS\system32\mswsock.dll
0x00007ffdd7580000 - 0x00007ffdd7596000 	C:\Program Files\Java\jdk-17\bin\nio.dll
0x00007ffde3690000 - 0x00007ffde36a0000 	C:\Program Files\Java\jdk-17\bin\verify.dll
0x00007ffdf8370000 - 0x00007ffdf8397000 	C:\Users\Administrator\.gradle\native\1def1411415f61bf3af743bc5b6707747c0891f09f0c88961ee8f79bc544acac\windows-amd64\native-platform.dll
0x00007ffdd6d70000 - 0x00007ffdd6de8000 	C:\Users\Administrator\.gradle\native\0.2.7\x86_64-windows-gnu\gradle-fileevents.dll
0x00007ffde30d0000 - 0x00007ffde30da000 	C:\Program Files\Java\jdk-17\bin\management.dll
0x00007ffde1950000 - 0x00007ffde195b000 	C:\Program Files\Java\jdk-17\bin\management_ext.dll
0x00007ffdff0a0000 - 0x00007ffdff0d3000 	C:\WINDOWS\SYSTEM32\IPHLPAPI.DLL
0x00007ffe01c80000 - 0x00007ffe01c8a000 	C:\WINDOWS\System32\NSI.dll
0x00007ffdf8ec0000 - 0x00007ffdf8edf000 	C:\WINDOWS\SYSTEM32\dhcpcsvc6.DLL
0x00007ffdf8e50000 - 0x00007ffdf8e75000 	C:\WINDOWS\SYSTEM32\dhcpcsvc.DLL
0x00007ffdff130000 - 0x00007ffdff255000 	C:\WINDOWS\SYSTEM32\DNSAPI.dll
0x00007ffdffe20000 - 0x00007ffdffe3c000 	C:\WINDOWS\SYSTEM32\CRYPTSP.dll
0x00007ffdff5c0000 - 0x00007ffdff5fa000 	C:\WINDOWS\system32\rsaenh.dll
0x00007ffdffc20000 - 0x00007ffdffc4b000 	C:\WINDOWS\SYSTEM32\USERENV.dll
0x00007ffe00060000 - 0x00007ffe00086000 	C:\WINDOWS\SYSTEM32\bcrypt.dll
0x00007ffdffe40000 - 0x00007ffdffe4c000 	C:\WINDOWS\SYSTEM32\CRYPTBASE.dll
0x00007ffdf8420000 - 0x00007ffdf842e000 	C:\Program Files\Java\jdk-17\bin\sunmscapi.dll
0x00007ffe012e0000 - 0x00007ffe01457000 	C:\WINDOWS\System32\CRYPT32.dll
0x00007ffe00020000 - 0x00007ffe00050000 	C:\WINDOWS\SYSTEM32\ncrypt.dll
0x00007ffdfffd0000 - 0x00007ffe0000f000 	C:\WINDOWS\SYSTEM32\NTASN1.dll
0x00007ffdd3c90000 - 0x00007ffdd3c98000 	C:\WINDOWS\system32\wshunix.dll
0x00007ffdd3b30000 - 0x00007ffdd3b48000 	C:\WINDOWS\system32\napinsp.dll
0x00007ffdd3b10000 - 0x00007ffdd3b22000 	C:\WINDOWS\System32\winrnr.dll
0x00007ffdd3b50000 - 0x00007ffdd3b72000 	C:\WINDOWS\system32\nlansp_c.dll
0x00007ffdf7ee0000 - 0x00007ffdf7ef6000 	C:\WINDOWS\system32\wshbth.dll
0x00007ffdf6140000 - 0x00007ffdf614b000 	C:\Windows\System32\rasadhlp.dll
0x00007ffdf7980000 - 0x00007ffdf7a05000 	C:\WINDOWS\System32\fwpuclnt.dll

dbghelp: loaded successfully - version: 4.0.5 - missing functions: none
symbol engine: initialized successfully - sym options: 0x614 - pdb path: .;C:\Program Files\Java\jdk-17\bin;C:\WINDOWS\SYSTEM32;C:\WINDOWS\WinSxS\amd64_microsoft.windows.common-controls_6595b64144ccf1df_6.0.26100.3323_none_3e088096e3344490;C:\Program Files\Java\jdk-17\bin\server;C:\Users\Administrator\.gradle\native\1def1411415f61bf3af743bc5b6707747c0891f09f0c88961ee8f79bc544acac\windows-amd64;C:\Users\Administrator\.gradle\native\0.2.7\x86_64-windows-gnu

VM Arguments:
jvm_args: --add-opens=java.base/java.lang=ALL-UNNAMED --add-opens=java.base/java.lang.invoke=ALL-UNNAMED --add-opens=java.base/java.util=ALL-UNNAMED --add-opens=java.prefs/java.util.prefs=ALL-UNNAMED --add-exports=jdk.compiler/com.sun.tools.javac.api=ALL-UNNAMED --add-exports=jdk.compiler/com.sun.tools.javac.util=ALL-UNNAMED --add-opens=java.base/java.util=ALL-UNNAMED --add-opens=java.prefs/java.util.prefs=ALL-UNNAMED --add-opens=java.base/java.nio.charset=ALL-UNNAMED --add-opens=java.base/java.net=ALL-UNNAMED --add-opens=java.base/java.util.concurrent.atomic=ALL-UNNAMED --add-opens=java.xml/javax.xml.namespace=ALL-UNNAMED -Xmx2048m -Dfile.encoding=UTF-8 -Duser.country=US -Duser.language=en -Duser.variant -javaagent:C:\Users\Administrator\.gradle\wrapper\dists\gradle-8.14.3-bin\cv11ve7ro1n3o1j4so8xd9n66\gradle-8.14.3\lib\agents\gradle-instrumentation-agent-8.14.3.jar 
java_command: org.gradle.launcher.daemon.bootstrap.GradleDaemon 8.14.3
java_class_path (initial): C:\Users\Administrator\.gradle\wrapper\dists\gradle-8.14.3-bin\cv11ve7ro1n3o1j4so8xd9n66\gradle-8.14.3\lib\gradle-daemon-main-8.14.3.jar
Launcher Type: SUN_STANDARD

[Global flags]
     intx CICompilerCount                          = 3                                         {product} {ergonomic}
     uint ConcGCThreads                            = 1                                         {product} {ergonomic}
     uint G1ConcRefinementThreads                  = 4                                         {product} {ergonomic}
   size_t G1HeapRegionSize                         = 1048576                                   {product} {ergonomic}
    uintx GCDrainStackTargetSize                   = 64                                        {product} {ergonomic}
   size_t InitialHeapSize                          = 134217728                                 {product} {ergonomic}
   size_t MarkStackSize                            = 4194304                                   {product} {ergonomic}
   size_t MaxHeapSize                              = 2147483648                                {product} {command line}
   size_t MaxNewSize                               = 1287651328                                {product} {ergonomic}
   size_t MinHeapDeltaBytes                        = 1048576                                   {product} {ergonomic}
   size_t MinHeapSize                              = 8388608                                   {product} {ergonomic}
    uintx NonNMethodCodeHeapSize                   = 5832780                                {pd product} {ergonomic}
    uintx NonProfiledCodeHeapSize                  = 122912730                              {pd product} {ergonomic}
    uintx ProfiledCodeHeapSize                     = 122912730                              {pd product} {ergonomic}
    uintx ReservedCodeCacheSize                    = 251658240                              {pd product} {ergonomic}
     bool SegmentedCodeCache                       = true                                      {product} {ergonomic}
   size_t SoftMaxHeapSize                          = 2147483648                             {manageable} {ergonomic}
     bool UseCompressedClassPointers               = true                           {product lp64_product} {ergonomic}
     bool UseCompressedOops                        = true                           {product lp64_product} {ergonomic}
     bool UseG1GC                                  = true                                      {product} {ergonomic}
     bool UseLargePagesIndividualAllocation        = false                                  {pd product} {ergonomic}

Logging:
Log output configuration:
 #0: stdout all=warning uptime,level,tags
 #1: stderr all=off uptime,level,tags

Environment Variables:
JAVA_HOME=C:\Program Files\Java\jdk-17
PATH=C:\Program Files\Common Files\Oracle\Java\javapath;C:\WINDOWS\system32;C:\WINDOWS;C:\WINDOWS\System32\Wbem;C:\WINDOWS\System32\WindowsPowerShell\v1.0\;C:\WINDOWS\System32\OpenSSH\;C:\Users\Administrator\AppData\Local\Android\Sdk\platform-tools\;C:\Program Files\Git\cmd;C:\Users\Administrator\AppData\Local\Microsoft\WindowsApps;
USERNAME=Administrator
OS=Windows_NT
PROCESSOR_IDENTIFIER=Intel64 Family 6 Model 58 Stepping 9, GenuineIntel



---------------  S Y S T E M  ---------------

OS:
 Windows 11 , 64 bit Build 26100 (10.0.26100.3323)
OS uptime: 31 days 1:43 hours
KVM virtualization detected

CPU: total 4 (initial active 4) (4 cores per cpu, 1 threads per core) family 6 model 58 stepping 9 microcode 0x1, cx8, cmov, fxsr, mmx, sse, sse2, sse3, ssse3, sse4.1, sse4.2, popcnt, tsc, avx, aes, erms, clmul, vzeroupper, clflush, hv

Memory: 4k page, system-wide physical 8191M (379M free)
TotalPageFile size 11634M (AvailPageFile size 167M)
current process WorkingSet (physical memory assigned to process): 450M, peak: 494M
current process commit charge ("private bytes"): 734M, peak: 1383M

vm_info: Java HotSpot(TM) 64-Bit Server VM (17.0.13+10-LTS-268) for windows-amd64 JRE (17.0.13+10-LTS-268), built on Sep 30 2024 06:33:13 by "mach5one" with MS VC++ 17.6 (VS2022)

END.
