#
# There is insufficient memory for the Java Runtime Environment to continue.
# Native memory allocation (malloc) failed to allocate 785504 bytes for Chunk::new
# Possible reasons:
#   The system is out of physical RAM or swap space
#   The process is running with CompressedOops enabled, and the Java Heap may be blocking the growth of the native heap
# Possible solutions:
#   Reduce memory load on the system
#   Increase physical memory or swap space
#   Check if swap backing store is full
#   Decrease Java heap size (-Xmx/-Xms)
#   Decrease number of Java threads
#   Decrease Java thread stack sizes (-Xss)
#   Set larger code cache with -XX:ReservedCodeCacheSize=
#   JVM is running with Unscaled Compressed Oops mode in which the Java heap is
#     placed in the first 4GB address space. The Java Heap base address is the
#     maximum limit for the native heap growth. Please use -XX:HeapBaseMinAddress
#     to set the Java Heap base and to place the Java Heap above 4GB virtual address.
# This output file may be truncated or incomplete.
#
#  Out of Memory Error (arena.cpp:189), pid=1784, tid=22020
#
# JRE version: Java(TM) SE Runtime Environment (17.0.13+10) (build 17.0.13+10-LTS-268)
# Java VM: Java HotSpot(TM) 64-Bit Server VM (17.0.13+10-LTS-268, mixed mode, sharing, tiered, compressed oops, compressed class ptrs, g1 gc, windows-amd64)
# No core dump will be written. Minidumps are not enabled by default on client versions of Windows
#

---------------  S U M M A R Y ------------

Command Line: --add-opens=java.base/java.lang=ALL-UNNAMED --add-opens=java.base/java.lang.invoke=ALL-UNNAMED --add-opens=java.base/java.util=ALL-UNNAMED --add-opens=java.prefs/java.util.prefs=ALL-UNNAMED --add-exports=jdk.compiler/com.sun.tools.javac.api=ALL-UNNAMED --add-exports=jdk.compiler/com.sun.tools.javac.util=ALL-UNNAMED --add-opens=java.base/java.util=ALL-UNNAMED --add-opens=java.prefs/java.util.prefs=ALL-UNNAMED --add-opens=java.base/java.nio.charset=ALL-UNNAMED --add-opens=java.base/java.net=ALL-UNNAMED --add-opens=java.base/java.util.concurrent.atomic=ALL-UNNAMED --add-opens=java.xml/javax.xml.namespace=ALL-UNNAMED -Xmx2048m -Dfile.encoding=UTF-8 -Duser.country=US -Duser.language=en -Duser.variant -javaagent:C:\Users\Administrator\.gradle\wrapper\dists\gradle-8.14.3-bin\cv11ve7ro1n3o1j4so8xd9n66\gradle-8.14.3\lib\agents\gradle-instrumentation-agent-8.14.3.jar org.gradle.launcher.daemon.bootstrap.GradleDaemon 8.14.3

Host: Intel Xeon E3-12xx v2 (Ivy Bridge, IBRS), 4 cores, 7G,  Windows 11 , 64 bit Build 26100 (10.0.26100.3323)
Time: Mon Oct 27 03:09:57 2025 Central Daylight Time elapsed time: 84.359301 seconds (0d 0h 1m 24s)

---------------  T H R E A D  ---------------

Current thread (0x0000028242409f80):  JavaThread "C2 CompilerThread0" daemon [_thread_in_native, id=22020, stack(0x000000a8bd800000,0x000000a8bd900000)]


Current CompileTask:
C2:  84359 11355   !   4       com.google.common.cache.LocalCache$Segment::lockedGetOrLoad (447 bytes)

Stack: [0x000000a8bd800000,0x000000a8bd900000]
Native frames: (J=compiled Java code, j=interpreted, Vv=VM code, C=native code)
V  [jvm.dll+0x67a23a]
V  [jvm.dll+0x7da96d]
V  [jvm.dll+0x7dc2b3]
V  [jvm.dll+0x7dc923]
V  [jvm.dll+0x2450ef]
V  [jvm.dll+0xab793]
V  [jvm.dll+0xabd5c]
V  [jvm.dll+0x361d5e]
V  [jvm.dll+0x32c491]
V  [jvm.dll+0x32b92a]
V  [jvm.dll+0x21689f]
V  [jvm.dll+0x215ccf]
V  [jvm.dll+0x1a2980]
V  [jvm.dll+0x22616b]
V  [jvm.dll+0x22430b]
V  [jvm.dll+0x790a8c]
V  [jvm.dll+0x78af1a]
V  [jvm.dll+0x679125]
C  [ucrtbase.dll+0x37b0]
C  [KERNEL32.DLL+0x2e8d7]
C  [ntdll.dll+0xbbf6c]


---------------  P R O C E S S  ---------------

Threads class SMR info:
_java_thread_list=0x000002828c7f2590, length=74, elements={
0x0000028222ab1f70, 0x00000282423edd10, 0x00000282423ee5e0, 0x0000028242406960,
0x0000028242407230, 0x0000028242407b00, 0x0000028242409380, 0x0000028242409f80,
0x000002824240b0e0, 0x000002824242e260, 0x000002824263ab00, 0x000002824263ba30,
0x000002824263c450, 0x000002824263bf40, 0x00000282426396c0, 0x000002824263a0e0,
0x000002824263a5f0, 0x000002824263b010, 0x0000028242639bd0, 0x000002824263b520,
0x0000028242638ca0, 0x0000028288716850, 0x0000028288717270, 0x00000282887149f0,
0x0000028288716340, 0x00000282887144e0, 0x0000028288713fd0, 0x0000028288714f00,
0x0000028288717780, 0x0000028288715410, 0x0000028288715e30, 0x0000028289e362e0,
0x0000028289e358c0, 0x0000028289e367f0, 0x0000028289e34990, 0x0000028289e34ea0,
0x0000028289e35dd0, 0x0000028289e36d00, 0x0000028289e353b0, 0x0000028289e33550,
0x0000028289e37210, 0x0000028289e37720, 0x0000028289e34480, 0x0000028289e33f70,
0x0000028289e39070, 0x0000028289e38b60, 0x0000028289e37c30, 0x0000028289e39a90,
0x0000028289e38140, 0x0000028289e3a4b0, 0x0000028289e3a9c0, 0x000002828a7ee210,
0x000002828a7ecdd0, 0x000002828a7f0070, 0x000002828a7eec30, 0x000002828a7ee720,
0x000002828a7ec8c0, 0x000002828a7ef650, 0x000002828a7f0fa0, 0x000002828a7ed7f0,
0x000002828a7efb60, 0x000002828a7f0580, 0x000002828a7f0a90, 0x000002828a7f14b0,
0x000002828a7edd00, 0x000002828a7f23e0, 0x000002828a7f19c0, 0x00000282426391b0,
0x000002828c8d58e0, 0x000002828c8d3f90, 0x000002828c8d44a0, 0x000002828c8d3570,
0x000002828c8d3060, 0x000002828c8d3a80
}

Java Threads: ( => current thread )
  0x0000028222ab1f70 JavaThread "main" [_thread_blocked, id=21124, stack(0x000000a8bcb00000,0x000000a8bcc00000)]
  0x00000282423edd10 JavaThread "Reference Handler" daemon [_thread_blocked, id=14044, stack(0x000000a8bd200000,0x000000a8bd300000)]
  0x00000282423ee5e0 JavaThread "Finalizer" daemon [_thread_blocked, id=15324, stack(0x000000a8bd300000,0x000000a8bd400000)]
  0x0000028242406960 JavaThread "Signal Dispatcher" daemon [_thread_blocked, id=20636, stack(0x000000a8bd400000,0x000000a8bd500000)]
  0x0000028242407230 JavaThread "Attach Listener" daemon [_thread_blocked, id=21060, stack(0x000000a8bd500000,0x000000a8bd600000)]
  0x0000028242407b00 JavaThread "Service Thread" daemon [_thread_blocked, id=8504, stack(0x000000a8bd600000,0x000000a8bd700000)]
  0x0000028242409380 JavaThread "Monitor Deflation Thread" daemon [_thread_blocked, id=20252, stack(0x000000a8bd700000,0x000000a8bd800000)]
=>0x0000028242409f80 JavaThread "C2 CompilerThread0" daemon [_thread_in_native, id=22020, stack(0x000000a8bd800000,0x000000a8bd900000)]
  0x000002824240b0e0 JavaThread "C1 CompilerThread0" daemon [_thread_blocked, id=15752, stack(0x000000a8bd900000,0x000000a8bda00000)]
  0x000002824242e260 JavaThread "Sweeper thread" daemon [_thread_blocked, id=22084, stack(0x000000a8bda00000,0x000000a8bdb00000)]
  0x000002824263ab00 JavaThread "Common-Cleaner" daemon [_thread_blocked, id=17788, stack(0x000000a8bdb00000,0x000000a8bdc00000)]
  0x000002824263ba30 JavaThread "Notification Thread" daemon [_thread_blocked, id=22332, stack(0x000000a8bdc00000,0x000000a8bdd00000)]
  0x000002824263c450 JavaThread "Daemon health stats" [_thread_blocked, id=18696, stack(0x000000a8be000000,0x000000a8be100000)]
  0x000002824263bf40 JavaThread "Incoming local TCP Connector on port 63251" [_thread_in_native, id=18928, stack(0x000000a8be200000,0x000000a8be300000)]
  0x00000282426396c0 JavaThread "Daemon periodic checks" [_thread_blocked, id=22316, stack(0x000000a8be300000,0x000000a8be400000)]
  0x000002824263a0e0 JavaThread "Daemon" [_thread_blocked, id=22452, stack(0x000000a8be400000,0x000000a8be500000)]
  0x000002824263a5f0 JavaThread "Handler for socket connection from /127.0.0.1:63251 to /127.0.0.1:63252" [_thread_in_native, id=22164, stack(0x000000a8be500000,0x000000a8be600000)]
  0x000002824263b010 JavaThread "Cancel handler" [_thread_blocked, id=22096, stack(0x000000a8be600000,0x000000a8be700000)]
  0x0000028242639bd0 JavaThread "Daemon worker" [_thread_in_native, id=20968, stack(0x000000a8be700000,0x000000a8be800000)]
  0x000002824263b520 JavaThread "Asynchronous log dispatcher for DefaultDaemonConnection: socket connection from /127.0.0.1:63251 to /127.0.0.1:63252" [_thread_blocked, id=13352, stack(0x000000a8be800000,0x000000a8be900000)]
  0x0000028242638ca0 JavaThread "Stdin handler" [_thread_blocked, id=20324, stack(0x000000a8be900000,0x000000a8bea00000)]
  0x0000028288716850 JavaThread "Daemon client event forwarder" [_thread_blocked, id=19680, stack(0x000000a8bea00000,0x000000a8beb00000)]
  0x0000028288717270 JavaThread "Cache worker for journal cache (C:\Users\Administrator\.gradle\caches\journal-1)" [_thread_blocked, id=21228, stack(0x000000a8beb00000,0x000000a8bec00000)]
  0x00000282887149f0 JavaThread "File lock request listener" [_thread_in_native, id=20132, stack(0x000000a8bec00000,0x000000a8bed00000)]
  0x0000028288716340 JavaThread "Cache worker for file hash cache (C:\Users\Administrator\.gradle\caches\8.14.3\fileHashes)" [_thread_in_native, id=8620, stack(0x000000a8bed00000,0x000000a8bee00000)]
  0x00000282887144e0 JavaThread "Cache worker for file hash cache (C:\Users\Administrator\AndroidStudioProjects\SalesNote\.gradle\8.14.3\fileHashes)" [_thread_blocked, id=19600, stack(0x000000a8bef00000,0x000000a8bf000000)]
  0x0000028288713fd0 JavaThread "Cache worker for Build Output Cleanup Cache (C:\Users\Administrator\AndroidStudioProjects\SalesNote\.gradle\buildOutputCleanup)" [_thread_blocked, id=18960, stack(0x000000a8bf000000,0x000000a8bf100000)]
  0x0000028288714f00 JavaThread "File watcher server" daemon [_thread_in_native, id=22184, stack(0x000000a8bf100000,0x000000a8bf200000)]
  0x0000028288717780 JavaThread "File watcher consumer" daemon [_thread_blocked, id=21676, stack(0x000000a8bf200000,0x000000a8bf300000)]
  0x0000028288715410 JavaThread "jar transforms" [_thread_blocked, id=21248, stack(0x000000a8bf300000,0x000000a8bf400000)]
  0x0000028288715e30 JavaThread "jar transforms Thread 2" [_thread_blocked, id=1280, stack(0x000000a8bf400000,0x000000a8bf500000)]
  0x0000028289e362e0 JavaThread "jar transforms Thread 3" [_thread_blocked, id=19368, stack(0x000000a8bf500000,0x000000a8bf600000)]
  0x0000028289e358c0 JavaThread "jar transforms Thread 4" [_thread_blocked, id=21036, stack(0x000000a8bf600000,0x000000a8bf700000)]
  0x0000028289e367f0 JavaThread "Cache worker for checksums cache (C:\Users\Administrator\AndroidStudioProjects\SalesNote\.gradle\8.14.3\checksums)" [_thread_blocked, id=21540, stack(0x000000a8bee00000,0x000000a8bef00000)]
  0x0000028289e34990 JavaThread "Cache worker for file content cache (C:\Users\Administrator\.gradle\caches\8.14.3\fileContent)" [_thread_blocked, id=8512, stack(0x000000a8bf700000,0x000000a8bf800000)]
  0x0000028289e34ea0 JavaThread "Cache worker for cache directory md-supplier (C:\Users\Administrator\.gradle\caches\8.14.3\md-supplier)" [_thread_blocked, id=2152, stack(0x000000a8bf800000,0x000000a8bf900000)]
  0x0000028289e35dd0 JavaThread "Cache worker for cache directory md-rule (C:\Users\Administrator\.gradle\caches\8.14.3\md-rule)" [_thread_blocked, id=22296, stack(0x000000a8bf900000,0x000000a8bfa00000)]
  0x0000028289e36d00 JavaThread "Unconstrained build operations" [_thread_blocked, id=17088, stack(0x000000a8bfa00000,0x000000a8bfb00000)]
  0x0000028289e353b0 JavaThread "Unconstrained build operations Thread 2" [_thread_blocked, id=19888, stack(0x000000a8bfb00000,0x000000a8bfc00000)]
  0x0000028289e33550 JavaThread "Unconstrained build operations Thread 3" [_thread_blocked, id=9340, stack(0x000000a8bfc00000,0x000000a8bfd00000)]
  0x0000028289e37210 JavaThread "Unconstrained build operations Thread 4" [_thread_blocked, id=1472, stack(0x000000a8bfd00000,0x000000a8bfe00000)]
  0x0000028289e37720 JavaThread "Unconstrained build operations Thread 5" [_thread_blocked, id=21828, stack(0x000000a8bff00000,0x000000a8c0000000)]
  0x0000028289e34480 JavaThread "Unconstrained build operations Thread 6" [_thread_blocked, id=20620, stack(0x000000a8c0000000,0x000000a8c0100000)]
  0x0000028289e33f70 JavaThread "Unconstrained build operations Thread 7" [_thread_blocked, id=21628, stack(0x000000a8c0100000,0x000000a8c0200000)]
  0x0000028289e39070 JavaThread "Unconstrained build operations Thread 8" [_thread_blocked, id=17976, stack(0x000000a8c0200000,0x000000a8c0300000)]
  0x0000028289e38b60 JavaThread "Unconstrained build operations Thread 9" [_thread_blocked, id=19548, stack(0x000000a8c0300000,0x000000a8c0400000)]
  0x0000028289e37c30 JavaThread "Unconstrained build operations Thread 10" [_thread_blocked, id=15164, stack(0x000000a8c0400000,0x000000a8c0500000)]
  0x0000028289e39a90 JavaThread "Unconstrained build operations Thread 11" [_thread_blocked, id=7144, stack(0x000000a8c0500000,0x000000a8c0600000)]
  0x0000028289e38140 JavaThread "Unconstrained build operations Thread 12" [_thread_blocked, id=9448, stack(0x000000a8c0600000,0x000000a8c0700000)]
  0x0000028289e3a4b0 JavaThread "Unconstrained build operations Thread 13" [_thread_blocked, id=21560, stack(0x000000a8c0700000,0x000000a8c0800000)]
  0x0000028289e3a9c0 JavaThread "Unconstrained build operations Thread 14" [_thread_blocked, id=3432, stack(0x000000a8c0800000,0x000000a8c0900000)]
  0x000002828a7ee210 JavaThread "Unconstrained build operations Thread 15" [_thread_blocked, id=8700, stack(0x000000a8c0900000,0x000000a8c0a00000)]
  0x000002828a7ecdd0 JavaThread "Unconstrained build operations Thread 16" [_thread_blocked, id=21968, stack(0x000000a8c0a00000,0x000000a8c0b00000)]
  0x000002828a7f0070 JavaThread "Unconstrained build operations Thread 17" [_thread_blocked, id=22344, stack(0x000000a8c0d00000,0x000000a8c0e00000)]
  0x000002828a7eec30 JavaThread "Unconstrained build operations Thread 18" [_thread_blocked, id=10804, stack(0x000000a8c0e00000,0x000000a8c0f00000)]
  0x000002828a7ee720 JavaThread "Unconstrained build operations Thread 19" [_thread_blocked, id=11828, stack(0x000000a8c0f00000,0x000000a8c1000000)]
  0x000002828a7ec8c0 JavaThread "Unconstrained build operations Thread 20" [_thread_blocked, id=20920, stack(0x000000a8bfe00000,0x000000a8bff00000)]
  0x000002828a7ef650 JavaThread "Unconstrained build operations Thread 21" [_thread_blocked, id=17480, stack(0x000000a8c1000000,0x000000a8c1100000)]
  0x000002828a7f0fa0 JavaThread "Unconstrained build operations Thread 22" [_thread_blocked, id=22260, stack(0x000000a8c1100000,0x000000a8c1200000)]
  0x000002828a7ed7f0 JavaThread "Unconstrained build operations Thread 23" [_thread_blocked, id=2860, stack(0x000000a8c1200000,0x000000a8c1300000)]
  0x000002828a7efb60 JavaThread "Unconstrained build operations Thread 24" [_thread_blocked, id=6748, stack(0x000000a8c1300000,0x000000a8c1400000)]
  0x000002828a7f0580 JavaThread "Unconstrained build operations Thread 25" [_thread_blocked, id=14840, stack(0x000000a8c1400000,0x000000a8c1500000)]
  0x000002828a7f0a90 JavaThread "Unconstrained build operations Thread 26" [_thread_blocked, id=11196, stack(0x000000a8c1500000,0x000000a8c1600000)]
  0x000002828a7f14b0 JavaThread "Unconstrained build operations Thread 27" [_thread_blocked, id=22028, stack(0x000000a8c1600000,0x000000a8c1700000)]
  0x000002828a7edd00 JavaThread "Unconstrained build operations Thread 28" [_thread_blocked, id=15200, stack(0x000000a8c1700000,0x000000a8c1800000)]
  0x000002828a7f23e0 JavaThread "Memory manager" [_thread_blocked, id=19184, stack(0x000000a8c1900000,0x000000a8c1a00000)]
  0x000002828a7f19c0 JavaThread "build event listener" [_thread_blocked, id=14096, stack(0x000000a8c1a00000,0x000000a8c1b00000)]
  0x00000282426391b0 JavaThread "included builds" [_thread_blocked, id=21000, stack(0x000000a8bc800000,0x000000a8bc900000)]
  0x000002828c8d58e0 JavaThread "Execution worker" [_thread_blocked, id=16704, stack(0x000000a8bc900000,0x000000a8bca00000)]
  0x000002828c8d3f90 JavaThread "Execution worker Thread 2" [_thread_blocked, id=12708, stack(0x000000a8bca00000,0x000000a8bcb00000)]
  0x000002828c8d44a0 JavaThread "Execution worker Thread 3" [_thread_blocked, id=22112, stack(0x000000a8c1800000,0x000000a8c1900000)]
  0x000002828c8d3570 JavaThread "Cache worker for execution history cache (C:\Users\Administrator\AndroidStudioProjects\SalesNote\.gradle\8.14.3\executionHistory)" [_thread_blocked, id=20992, stack(0x000000a8c1b00000,0x000000a8c1c00000)]
  0x000002828c8d3060 JavaThread "idea-tooling-model-converter" [_thread_blocked, id=21244, stack(0x000000a8c1c00000,0x000000a8c1d00000)]
  0x000002828c8d3a80 JavaThread "Unconstrained build operations Thread 29" [_thread_blocked, id=22732, stack(0x000000a8c1d00000,0x000000a8c1e00000)]

Other Threads:
  0x00000282423e9010 VMThread "VM Thread" [stack: 0x000000a8bd100000,0x000000a8bd200000] [id=21040]
  0x0000028222ab3d10 WatcherThread [stack: 0x000000a8bdd00000,0x000000a8bde00000] [id=22188]
  0x0000028222b0d780 GCTaskThread "GC Thread#0" [stack: 0x000000a8bcc00000,0x000000a8bcd00000] [id=21988]
  0x0000028288056870 GCTaskThread "GC Thread#1" [stack: 0x000000a8bde00000,0x000000a8bdf00000] [id=22416]
  0x0000028288056b30 GCTaskThread "GC Thread#2" [stack: 0x000000a8bdf00000,0x000000a8be000000] [id=1836]
  0x0000028288d78c90 GCTaskThread "GC Thread#3" [stack: 0x000000a8be100000,0x000000a8be200000] [id=12740]
  0x0000028222b1f5f0 ConcurrentGCThread "G1 Main Marker" [stack: 0x000000a8bcd00000,0x000000a8bce00000] [id=21696]
  0x0000028222b21bf0 ConcurrentGCThread "G1 Conc#0" [stack: 0x000000a8bce00000,0x000000a8bcf00000] [id=17780]
  0x0000028222b7d160 ConcurrentGCThread "G1 Refine#0" [stack: 0x000000a8bcf00000,0x000000a8bd000000] [id=22248]
  0x0000028222b7e850 ConcurrentGCThread "G1 Service" [stack: 0x000000a8bd000000,0x000000a8bd100000] [id=20484]

Threads with active compile tasks:
C2 CompilerThread0    84453 11355   !   4       com.google.common.cache.LocalCache$Segment::lockedGetOrLoad (447 bytes)

VM state: not at safepoint (normal execution)

VM Mutex/Monitor currently owned by a thread: None

Heap address: 0x0000000080000000, size: 2048 MB, Compressed Oops mode: 32-bit

CDS archive(s) mapped at: [0x0000028243000000-0x0000028243bd0000-0x0000028243bd0000), size 12386304, SharedBaseAddress: 0x0000028243000000, ArchiveRelocationMode: 1.
Compressed class space mapped at: 0x0000028244000000-0x0000028284000000, reserved size: 1073741824
Narrow klass base: 0x0000028243000000, Narrow klass shift: 0, Narrow klass range: 0x100000000

GC Precious Log:
 CPUs: 4 total, 4 available
 Memory: 8191M
 Large Page Support: Disabled
 NUMA Support: Disabled
 Compressed Oops: Enabled (32-bit)
 Heap Region Size: 1M
 Heap Min Capacity: 8M
 Heap Initial Capacity: 128M
 Heap Max Capacity: 2G
 Pre-touch: Disabled
 Parallel Workers: 4
 Concurrent Workers: 1
 Concurrent Refinement Workers: 4
 Periodic GC: Disabled

Heap:
 garbage-first heap   total 512000K, used 202909K [0x0000000080000000, 0x0000000100000000)
  region size 1024K, 56 young (57344K), 4 survivors (4096K)
 Metaspace       used 93862K, committed 94784K, reserved 1179648K
  class space    used 13059K, committed 13504K, reserved 1048576K

Heap Regions: E=young(eden), S=young(survivor), O=old, HS=humongous(starts), HC=humongous(continues), CS=collection set, F=free, OA=open archive, CA=closed archive, TAMS=top-at-mark-start (previous, next)
|   0|0x0000000080000000, 0x0000000080100000, 0x0000000080100000|100%|HS|  |TAMS 0x0000000080100000, 0x0000000080100000| Complete 
|   1|0x0000000080100000, 0x0000000080200000, 0x0000000080200000|100%|HC|  |TAMS 0x0000000080200000, 0x0000000080200000| Complete 
|   2|0x0000000080200000, 0x0000000080300000, 0x0000000080300000|100%|HC|  |TAMS 0x0000000080300000, 0x0000000080300000| Complete 
|   3|0x0000000080300000, 0x0000000080400000, 0x0000000080400000|100%| O|  |TAMS 0x0000000080400000, 0x0000000080400000| Untracked 
|   4|0x0000000080400000, 0x0000000080500000, 0x0000000080500000|100%| O|  |TAMS 0x0000000080500000, 0x0000000080500000| Untracked 
|   5|0x0000000080500000, 0x0000000080600000, 0x0000000080600000|100%| O|  |TAMS 0x0000000080600000, 0x0000000080600000| Untracked 
|   6|0x0000000080600000, 0x0000000080700000, 0x0000000080700000|100%| O|  |TAMS 0x0000000080700000, 0x0000000080700000| Untracked 
|   7|0x0000000080700000, 0x0000000080800000, 0x0000000080800000|100%|HS|  |TAMS 0x0000000080800000, 0x0000000080800000| Complete 
|   8|0x0000000080800000, 0x0000000080900000, 0x0000000080900000|100%| O|  |TAMS 0x0000000080900000, 0x0000000080900000| Untracked 
|   9|0x0000000080900000, 0x0000000080a00000, 0x0000000080a00000|100%| O|  |TAMS 0x0000000080a00000, 0x0000000080a00000| Untracked 
|  10|0x0000000080a00000, 0x0000000080b00000, 0x0000000080b00000|100%| O|  |TAMS 0x0000000080b00000, 0x0000000080b00000| Untracked 
|  11|0x0000000080b00000, 0x0000000080c00000, 0x0000000080c00000|100%| O|  |TAMS 0x0000000080c00000, 0x0000000080c00000| Untracked 
|  12|0x0000000080c00000, 0x0000000080d00000, 0x0000000080d00000|100%| O|  |TAMS 0x0000000080d00000, 0x0000000080d00000| Untracked 
|  13|0x0000000080d00000, 0x0000000080e00000, 0x0000000080e00000|100%| O|  |TAMS 0x0000000080e00000, 0x0000000080e00000| Untracked 
|  14|0x0000000080e00000, 0x0000000080f00000, 0x0000000080f00000|100%| O|  |TAMS 0x0000000080f00000, 0x0000000080f00000| Untracked 
|  15|0x0000000080f00000, 0x0000000080f8fa00, 0x0000000081000000| 56%| O|  |TAMS 0x0000000080f8fa00, 0x0000000080f8fa00| Untracked 
|  16|0x0000000081000000, 0x0000000081100000, 0x0000000081100000|100%|HS|  |TAMS 0x0000000081100000, 0x0000000081100000| Complete 
|  17|0x0000000081100000, 0x0000000081200000, 0x0000000081200000|100%|HC|  |TAMS 0x0000000081200000, 0x0000000081200000| Complete 
|  18|0x0000000081200000, 0x0000000081300000, 0x0000000081300000|100%|HC|  |TAMS 0x0000000081300000, 0x0000000081300000| Complete 
|  19|0x0000000081300000, 0x0000000081400000, 0x0000000081400000|100%|HC|  |TAMS 0x0000000081400000, 0x0000000081400000| Complete 
|  20|0x0000000081400000, 0x0000000081500000, 0x0000000081500000|100%|HC|  |TAMS 0x0000000081500000, 0x0000000081500000| Complete 
|  21|0x0000000081500000, 0x0000000081600000, 0x0000000081600000|100%|HC|  |TAMS 0x0000000081600000, 0x0000000081600000| Complete 
|  22|0x0000000081600000, 0x0000000081700000, 0x0000000081700000|100%|HS|  |TAMS 0x0000000081700000, 0x0000000081700000| Complete 
|  23|0x0000000081700000, 0x0000000081800000, 0x0000000081800000|100%|HS|  |TAMS 0x0000000081800000, 0x0000000081800000| Complete 
|  24|0x0000000081800000, 0x0000000081900000, 0x0000000081900000|100%|HC|  |TAMS 0x0000000081900000, 0x0000000081900000| Complete 
|  25|0x0000000081900000, 0x0000000081a00000, 0x0000000081a00000|100%|HC|  |TAMS 0x0000000081a00000, 0x0000000081a00000| Complete 
|  26|0x0000000081a00000, 0x0000000081b00000, 0x0000000081b00000|100%|HC|  |TAMS 0x0000000081b00000, 0x0000000081b00000| Complete 
|  27|0x0000000081b00000, 0x0000000081c00000, 0x0000000081c00000|100%|HS|  |TAMS 0x0000000081c00000, 0x0000000081c00000| Complete 
|  28|0x0000000081c00000, 0x0000000081d00000, 0x0000000081d00000|100%|HC|  |TAMS 0x0000000081d00000, 0x0000000081d00000| Complete 
|  29|0x0000000081d00000, 0x0000000081e00000, 0x0000000081e00000|100%|HS|  |TAMS 0x0000000081e00000, 0x0000000081e00000| Complete 
|  30|0x0000000081e00000, 0x0000000081f00000, 0x0000000081f00000|100%|HS|  |TAMS 0x0000000081f00000, 0x0000000081f00000| Complete 
|  31|0x0000000081f00000, 0x0000000082000000, 0x0000000082000000|100%|HC|  |TAMS 0x0000000082000000, 0x0000000082000000| Complete 
|  32|0x0000000082000000, 0x0000000082100000, 0x0000000082100000|100%|HC|  |TAMS 0x0000000082100000, 0x0000000082100000| Complete 
|  33|0x0000000082100000, 0x0000000082200000, 0x0000000082200000|100%|HC|  |TAMS 0x0000000082200000, 0x0000000082200000| Complete 
|  34|0x0000000082200000, 0x0000000082300000, 0x0000000082300000|100%|HC|  |TAMS 0x0000000082300000, 0x0000000082300000| Complete 
|  35|0x0000000082300000, 0x0000000082400000, 0x0000000082400000|100%|HC|  |TAMS 0x0000000082400000, 0x0000000082400000| Complete 
|  36|0x0000000082400000, 0x0000000082500000, 0x0000000082500000|100%|HS|  |TAMS 0x0000000082500000, 0x0000000082500000| Complete 
|  37|0x0000000082500000, 0x0000000082600000, 0x0000000082600000|100%| O|  |TAMS 0x0000000082600000, 0x0000000082600000| Untracked 
|  38|0x0000000082600000, 0x0000000082700000, 0x0000000082700000|100%| O|  |TAMS 0x0000000082700000, 0x0000000082700000| Untracked 
|  39|0x0000000082700000, 0x0000000082800000, 0x0000000082800000|100%| O|  |TAMS 0x0000000082800000, 0x0000000082800000| Untracked 
|  40|0x0000000082800000, 0x0000000082900000, 0x0000000082900000|100%| O|  |TAMS 0x0000000082900000, 0x0000000082900000| Untracked 
|  41|0x0000000082900000, 0x0000000082a00000, 0x0000000082a00000|100%| O|  |TAMS 0x0000000082a00000, 0x0000000082a00000| Untracked 
|  42|0x0000000082a00000, 0x0000000082b00000, 0x0000000082b00000|100%| O|  |TAMS 0x0000000082b00000, 0x0000000082b00000| Untracked 
|  43|0x0000000082b00000, 0x0000000082c00000, 0x0000000082c00000|100%|HS|  |TAMS 0x0000000082c00000, 0x0000000082c00000| Complete 
|  44|0x0000000082c00000, 0x0000000082d00000, 0x0000000082d00000|100%|HC|  |TAMS 0x0000000082d00000, 0x0000000082d00000| Complete 
|  45|0x0000000082d00000, 0x0000000082e00000, 0x0000000082e00000|100%|HC|  |TAMS 0x0000000082e00000, 0x0000000082e00000| Complete 
|  46|0x0000000082e00000, 0x0000000082f00000, 0x0000000082f00000|100%|HC|  |TAMS 0x0000000082f00000, 0x0000000082f00000| Complete 
|  47|0x0000000082f00000, 0x0000000083000000, 0x0000000083000000|100%|HS|  |TAMS 0x0000000083000000, 0x0000000083000000| Complete 
|  48|0x0000000083000000, 0x0000000083100000, 0x0000000083100000|100%|HC|  |TAMS 0x0000000083100000, 0x0000000083100000| Complete 
|  49|0x0000000083100000, 0x0000000083200000, 0x0000000083200000|100%|HS|  |TAMS 0x0000000083200000, 0x0000000083200000| Complete 
|  50|0x0000000083200000, 0x0000000083300000, 0x0000000083300000|100%| O|  |TAMS 0x0000000083300000, 0x0000000083300000| Untracked 
|  51|0x0000000083300000, 0x0000000083400000, 0x0000000083400000|100%| O|  |TAMS 0x0000000083400000, 0x0000000083400000| Untracked 
|  52|0x0000000083400000, 0x0000000083500000, 0x0000000083500000|100%| O|  |TAMS 0x0000000083500000, 0x0000000083500000| Untracked 
|  53|0x0000000083500000, 0x0000000083600000, 0x0000000083600000|100%| O|  |TAMS 0x0000000083600000, 0x0000000083600000| Untracked 
|  54|0x0000000083600000, 0x0000000083700000, 0x0000000083700000|100%| O|  |TAMS 0x0000000083700000, 0x0000000083700000| Untracked 
|  55|0x0000000083700000, 0x0000000083800000, 0x0000000083800000|100%|HS|  |TAMS 0x0000000083800000, 0x0000000083800000| Complete 
|  56|0x0000000083800000, 0x0000000083900000, 0x0000000083900000|100%| O|  |TAMS 0x0000000083900000, 0x0000000083900000| Untracked 
|  57|0x0000000083900000, 0x0000000083a00000, 0x0000000083a00000|100%| O|  |TAMS 0x0000000083a00000, 0x0000000083a00000| Untracked 
|  58|0x0000000083a00000, 0x0000000083b00000, 0x0000000083b00000|100%| O|  |TAMS 0x0000000083b00000, 0x0000000083b00000| Untracked 
|  59|0x0000000083b00000, 0x0000000083c00000, 0x0000000083c00000|100%| O|  |TAMS 0x0000000083c00000, 0x0000000083c00000| Untracked 
|  60|0x0000000083c00000, 0x0000000083d00000, 0x0000000083d00000|100%| O|  |TAMS 0x0000000083d00000, 0x0000000083d00000| Untracked 
|  61|0x0000000083d00000, 0x0000000083e00000, 0x0000000083e00000|100%| O|  |TAMS 0x0000000083e00000, 0x0000000083e00000| Untracked 
|  62|0x0000000083e00000, 0x0000000083f00000, 0x0000000083f00000|100%| O|  |TAMS 0x0000000083f00000, 0x0000000083f00000| Untracked 
|  63|0x0000000083f00000, 0x0000000084000000, 0x0000000084000000|100%| O|  |TAMS 0x0000000084000000, 0x0000000084000000| Untracked 
|  64|0x0000000084000000, 0x0000000084100000, 0x0000000084100000|100%|HS|  |TAMS 0x0000000084100000, 0x0000000084100000| Complete 
|  65|0x0000000084100000, 0x0000000084200000, 0x0000000084200000|100%|HC|  |TAMS 0x0000000084200000, 0x0000000084200000| Complete 
|  66|0x0000000084200000, 0x0000000084300000, 0x0000000084300000|100%| O|  |TAMS 0x0000000084300000, 0x0000000084300000| Untracked 
|  67|0x0000000084300000, 0x0000000084400000, 0x0000000084400000|100%| O|  |TAMS 0x0000000084400000, 0x0000000084400000| Untracked 
|  68|0x0000000084400000, 0x0000000084500000, 0x0000000084500000|100%| O|  |TAMS 0x0000000084500000, 0x0000000084500000| Untracked 
|  69|0x0000000084500000, 0x0000000084600000, 0x0000000084600000|100%|HS|  |TAMS 0x0000000084600000, 0x0000000084600000| Complete 
|  70|0x0000000084600000, 0x0000000084700000, 0x0000000084700000|100%|HC|  |TAMS 0x0000000084700000, 0x0000000084700000| Complete 
|  71|0x0000000084700000, 0x0000000084800000, 0x0000000084800000|100%|HC|  |TAMS 0x0000000084800000, 0x0000000084800000| Complete 
|  72|0x0000000084800000, 0x0000000084900000, 0x0000000084900000|100%|HC|  |TAMS 0x0000000084900000, 0x0000000084900000| Complete 
|  73|0x0000000084900000, 0x0000000084a00000, 0x0000000084a00000|100%|HC|  |TAMS 0x0000000084a00000, 0x0000000084a00000| Complete 
|  74|0x0000000084a00000, 0x0000000084b00000, 0x0000000084b00000|100%|HC|  |TAMS 0x0000000084b00000, 0x0000000084b00000| Complete 
|  75|0x0000000084b00000, 0x0000000084c00000, 0x0000000084c00000|100%| O|  |TAMS 0x0000000084c00000, 0x0000000084c00000| Untracked 
|  76|0x0000000084c00000, 0x0000000084d00000, 0x0000000084d00000|100%| O|  |TAMS 0x0000000084d00000, 0x0000000084d00000| Untracked 
|  77|0x0000000084d00000, 0x0000000084e00000, 0x0000000084e00000|100%| O|  |TAMS 0x0000000084d00000, 0x0000000084e00000| Untracked 
|  78|0x0000000084e00000, 0x0000000084f00000, 0x0000000084f00000|100%| O|  |TAMS 0x0000000084f00000, 0x0000000084f00000| Untracked 
|  79|0x0000000084f00000, 0x0000000085000000, 0x0000000085000000|100%| O|  |TAMS 0x0000000085000000, 0x0000000085000000| Untracked 
|  80|0x0000000085000000, 0x0000000085100000, 0x0000000085100000|100%| O|  |TAMS 0x0000000085100000, 0x0000000085100000| Untracked 
|  81|0x0000000085100000, 0x0000000085200000, 0x0000000085200000|100%|HS|  |TAMS 0x0000000085200000, 0x0000000085200000| Complete 
|  82|0x0000000085200000, 0x0000000085300000, 0x0000000085300000|100%|HS|  |TAMS 0x0000000085300000, 0x0000000085300000| Complete 
|  83|0x0000000085300000, 0x0000000085400000, 0x0000000085400000|100%|HC|  |TAMS 0x0000000085400000, 0x0000000085400000| Complete 
|  84|0x0000000085400000, 0x0000000085500000, 0x0000000085500000|100%|HC|  |TAMS 0x0000000085500000, 0x0000000085500000| Complete 
|  85|0x0000000085500000, 0x0000000085600000, 0x0000000085600000|100%|HC|  |TAMS 0x0000000085600000, 0x0000000085600000| Complete 
|  86|0x0000000085600000, 0x0000000085700000, 0x0000000085700000|100%|HC|  |TAMS 0x0000000085700000, 0x0000000085700000| Complete 
|  87|0x0000000085700000, 0x0000000085800000, 0x0000000085800000|100%|HC|  |TAMS 0x0000000085800000, 0x0000000085800000| Complete 
|  88|0x0000000085800000, 0x0000000085900000, 0x0000000085900000|100%|HS|  |TAMS 0x0000000085900000, 0x0000000085900000| Complete 
|  89|0x0000000085900000, 0x0000000085a00000, 0x0000000085a00000|100%| O|  |TAMS 0x0000000085a00000, 0x0000000085a00000| Untracked 
|  90|0x0000000085a00000, 0x0000000085b00000, 0x0000000085b00000|100%| O|  |TAMS 0x0000000085b00000, 0x0000000085b00000| Untracked 
|  91|0x0000000085b00000, 0x0000000085c00000, 0x0000000085c00000|100%| O|  |TAMS 0x0000000085c00000, 0x0000000085c00000| Untracked 
|  92|0x0000000085c00000, 0x0000000085d00000, 0x0000000085d00000|100%| O|  |TAMS 0x0000000085d00000, 0x0000000085d00000| Untracked 
|  93|0x0000000085d00000, 0x0000000085e00000, 0x0000000085e00000|100%| O|  |TAMS 0x0000000085e00000, 0x0000000085e00000| Untracked 
|  94|0x0000000085e00000, 0x0000000085f00000, 0x0000000085f00000|100%| O|  |TAMS 0x0000000085f00000, 0x0000000085f00000| Untracked 
|  95|0x0000000085f00000, 0x0000000086000000, 0x0000000086000000|100%| O|  |TAMS 0x0000000086000000, 0x0000000086000000| Untracked 
|  96|0x0000000086000000, 0x0000000086100000, 0x0000000086100000|100%| O|  |TAMS 0x0000000086100000, 0x0000000086100000| Untracked 
|  97|0x0000000086100000, 0x0000000086200000, 0x0000000086200000|100%| O|  |TAMS 0x0000000086200000, 0x0000000086200000| Untracked 
|  98|0x0000000086200000, 0x0000000086300000, 0x0000000086300000|100%|HS|  |TAMS 0x0000000086300000, 0x0000000086300000| Complete 
|  99|0x0000000086300000, 0x0000000086400000, 0x0000000086400000|100%|HS|  |TAMS 0x0000000086400000, 0x0000000086400000| Complete 
| 100|0x0000000086400000, 0x0000000086500000, 0x0000000086500000|100%|HC|  |TAMS 0x0000000086500000, 0x0000000086500000| Complete 
| 101|0x0000000086500000, 0x0000000086600000, 0x0000000086600000|100%|HS|  |TAMS 0x0000000086600000, 0x0000000086600000| Complete 
| 102|0x0000000086600000, 0x0000000086700000, 0x0000000086700000|100%|HC|  |TAMS 0x0000000086700000, 0x0000000086700000| Complete 
| 103|0x0000000086700000, 0x0000000086800000, 0x0000000086800000|100%|HS|  |TAMS 0x0000000086800000, 0x0000000086800000| Complete 
| 104|0x0000000086800000, 0x0000000086900000, 0x0000000086900000|100%|HC|  |TAMS 0x0000000086900000, 0x0000000086900000| Complete 
| 105|0x0000000086900000, 0x0000000086a00000, 0x0000000086a00000|100%|HC|  |TAMS 0x0000000086a00000, 0x0000000086a00000| Complete 
| 106|0x0000000086a00000, 0x0000000086b00000, 0x0000000086b00000|100%|HS|  |TAMS 0x0000000086b00000, 0x0000000086b00000| Complete 
| 107|0x0000000086b00000, 0x0000000086c00000, 0x0000000086c00000|100%|HS|  |TAMS 0x0000000086c00000, 0x0000000086c00000| Complete 
| 108|0x0000000086c00000, 0x0000000086d00000, 0x0000000086d00000|100%| O|  |TAMS 0x0000000086d00000, 0x0000000086d00000| Untracked 
| 109|0x0000000086d00000, 0x0000000086e00000, 0x0000000086e00000|100%|HS|  |TAMS 0x0000000086e00000, 0x0000000086e00000| Complete 
| 110|0x0000000086e00000, 0x0000000086f00000, 0x0000000086f00000|100%|HS|  |TAMS 0x0000000086f00000, 0x0000000086f00000| Complete 
| 111|0x0000000086f00000, 0x0000000087000000, 0x0000000087000000|100%| O|  |TAMS 0x0000000087000000, 0x0000000087000000| Untracked 
| 112|0x0000000087000000, 0x0000000087100000, 0x0000000087100000|100%| O|  |TAMS 0x0000000087100000, 0x0000000087100000| Untracked 
| 113|0x0000000087100000, 0x0000000087200000, 0x0000000087200000|100%| O|  |TAMS 0x0000000087200000, 0x0000000087200000| Untracked 
| 114|0x0000000087200000, 0x0000000087300000, 0x0000000087300000|100%| O|  |TAMS 0x0000000087300000, 0x0000000087300000| Untracked 
| 115|0x0000000087300000, 0x0000000087400000, 0x0000000087400000|100%| O|  |TAMS 0x0000000087400000, 0x0000000087400000| Untracked 
| 116|0x0000000087400000, 0x0000000087500000, 0x0000000087500000|100%| O|  |TAMS 0x0000000087500000, 0x0000000087500000| Untracked 
| 117|0x0000000087500000, 0x0000000087600000, 0x0000000087600000|100%| O|  |TAMS 0x0000000087600000, 0x0000000087600000| Untracked 
| 118|0x0000000087600000, 0x0000000087700000, 0x0000000087700000|100%| O|  |TAMS 0x0000000087700000, 0x0000000087700000| Untracked 
| 119|0x0000000087700000, 0x0000000087800000, 0x0000000087800000|100%| O|  |TAMS 0x0000000087800000, 0x0000000087800000| Untracked 
| 120|0x0000000087800000, 0x0000000087900000, 0x0000000087900000|100%| O|  |TAMS 0x0000000087900000, 0x0000000087900000| Untracked 
| 121|0x0000000087900000, 0x0000000087a00000, 0x0000000087a00000|100%| O|  |TAMS 0x0000000087a00000, 0x0000000087a00000| Untracked 
| 122|0x0000000087a00000, 0x0000000087b00000, 0x0000000087b00000|100%| O|  |TAMS 0x0000000087b00000, 0x0000000087b00000| Untracked 
| 123|0x0000000087b00000, 0x0000000087c00000, 0x0000000087c00000|100%| O|  |TAMS 0x0000000087c00000, 0x0000000087c00000| Untracked 
| 124|0x0000000087c00000, 0x0000000087d00000, 0x0000000087d00000|100%| O|  |TAMS 0x0000000087d00000, 0x0000000087d00000| Untracked 
| 125|0x0000000087d00000, 0x0000000087e00000, 0x0000000087e00000|100%| O|  |TAMS 0x0000000087e00000, 0x0000000087e00000| Untracked 
| 126|0x0000000087e00000, 0x0000000087f00000, 0x0000000087f00000|100%|HS|  |TAMS 0x0000000087f00000, 0x0000000087f00000| Complete 
| 127|0x0000000087f00000, 0x0000000088000000, 0x0000000088000000|100%| O|  |TAMS 0x0000000088000000, 0x0000000088000000| Untracked 
| 128|0x0000000088000000, 0x0000000088100000, 0x0000000088100000|100%| O|  |TAMS 0x0000000088100000, 0x0000000088100000| Untracked 
| 129|0x0000000088100000, 0x0000000088200000, 0x0000000088200000|100%| O|  |TAMS 0x0000000088200000, 0x0000000088200000| Untracked 
| 130|0x0000000088200000, 0x0000000088300000, 0x0000000088300000|100%|HS|  |TAMS 0x0000000088300000, 0x0000000088300000| Complete 
| 131|0x0000000088300000, 0x0000000088400000, 0x0000000088400000|100%|HC|  |TAMS 0x0000000088400000, 0x0000000088400000| Complete 
| 132|0x0000000088400000, 0x0000000088500000, 0x0000000088500000|100%|HC|  |TAMS 0x0000000088500000, 0x0000000088500000| Complete 
| 133|0x0000000088500000, 0x0000000088600000, 0x0000000088600000|100%|HS|  |TAMS 0x0000000088500000, 0x0000000088500000| Complete 
| 134|0x0000000088600000, 0x0000000088700000, 0x0000000088700000|100%|HC|  |TAMS 0x0000000088600000, 0x0000000088600000| Complete 
| 135|0x0000000088700000, 0x0000000088800000, 0x0000000088800000|100%| O|  |TAMS 0x0000000088800000, 0x0000000088800000| Untracked 
| 136|0x0000000088800000, 0x0000000088900000, 0x0000000088900000|100%| O|  |TAMS 0x0000000088900000, 0x0000000088900000| Untracked 
| 137|0x0000000088900000, 0x0000000088a00000, 0x0000000088a00000|100%| O|  |TAMS 0x0000000088a00000, 0x0000000088a00000| Untracked 
| 138|0x0000000088a00000, 0x0000000088b00000, 0x0000000088b00000|100%| O|  |TAMS 0x0000000088a3f400, 0x0000000088b00000| Untracked 
| 139|0x0000000088b00000, 0x0000000088c00000, 0x0000000088c00000|100%| O|  |TAMS 0x0000000088b00000, 0x0000000088c00000| Untracked 
| 140|0x0000000088c00000, 0x0000000088d00000, 0x0000000088d00000|100%| O|  |TAMS 0x0000000088c00000, 0x0000000088d00000| Untracked 
| 141|0x0000000088d00000, 0x0000000088e00000, 0x0000000088e00000|100%| O|  |TAMS 0x0000000088d00000, 0x0000000088e00000| Untracked 
| 142|0x0000000088e00000, 0x0000000088f00000, 0x0000000088f00000|100%| O|  |TAMS 0x0000000088e00000, 0x0000000088f00000| Untracked 
| 143|0x0000000088f00000, 0x0000000089000000, 0x0000000089000000|100%| O|  |TAMS 0x0000000088f00000, 0x0000000089000000| Untracked 
| 144|0x0000000089000000, 0x000000008908c600, 0x0000000089100000| 54%| O|  |TAMS 0x0000000089000000, 0x000000008908c600| Untracked 
| 145|0x0000000089100000, 0x0000000089100000, 0x0000000089200000|  0%| F|  |TAMS 0x0000000089100000, 0x0000000089100000| Untracked 
| 146|0x0000000089200000, 0x0000000089200000, 0x0000000089300000|  0%| F|  |TAMS 0x0000000089200000, 0x0000000089200000| Untracked 
| 147|0x0000000089300000, 0x0000000089300000, 0x0000000089400000|  0%| F|  |TAMS 0x0000000089300000, 0x0000000089300000| Untracked 
| 148|0x0000000089400000, 0x0000000089400000, 0x0000000089500000|  0%| F|  |TAMS 0x0000000089400000, 0x0000000089400000| Untracked 
| 149|0x0000000089500000, 0x0000000089500000, 0x0000000089600000|  0%| F|  |TAMS 0x0000000089500000, 0x0000000089500000| Untracked 
| 150|0x0000000089600000, 0x0000000089600000, 0x0000000089700000|  0%| F|  |TAMS 0x0000000089600000, 0x0000000089600000| Untracked 
| 151|0x0000000089700000, 0x0000000089700000, 0x0000000089800000|  0%| F|  |TAMS 0x0000000089700000, 0x0000000089700000| Untracked 
| 152|0x0000000089800000, 0x0000000089800000, 0x0000000089900000|  0%| F|  |TAMS 0x0000000089800000, 0x0000000089800000| Untracked 
| 153|0x0000000089900000, 0x0000000089900000, 0x0000000089a00000|  0%| F|  |TAMS 0x0000000089900000, 0x0000000089900000| Untracked 
| 154|0x0000000089a00000, 0x0000000089a00000, 0x0000000089b00000|  0%| F|  |TAMS 0x0000000089a00000, 0x0000000089a00000| Untracked 
| 155|0x0000000089b00000, 0x0000000089b00000, 0x0000000089c00000|  0%| F|  |TAMS 0x0000000089b00000, 0x0000000089b00000| Untracked 
| 156|0x0000000089c00000, 0x0000000089c00000, 0x0000000089d00000|  0%| F|  |TAMS 0x0000000089c00000, 0x0000000089c00000| Untracked 
| 157|0x0000000089d00000, 0x0000000089d00000, 0x0000000089e00000|  0%| F|  |TAMS 0x0000000089d00000, 0x0000000089d00000| Untracked 
| 158|0x0000000089e00000, 0x0000000089e00000, 0x0000000089f00000|  0%| F|  |TAMS 0x0000000089e00000, 0x0000000089e00000| Untracked 
| 159|0x0000000089f00000, 0x0000000089f00000, 0x000000008a000000|  0%| F|  |TAMS 0x0000000089f00000, 0x0000000089f00000| Untracked 
| 160|0x000000008a000000, 0x000000008a000000, 0x000000008a100000|  0%| F|  |TAMS 0x000000008a000000, 0x000000008a000000| Untracked 
| 161|0x000000008a100000, 0x000000008a100000, 0x000000008a200000|  0%| F|  |TAMS 0x000000008a100000, 0x000000008a100000| Untracked 
| 162|0x000000008a200000, 0x000000008a200000, 0x000000008a300000|  0%| F|  |TAMS 0x000000008a200000, 0x000000008a200000| Untracked 
| 163|0x000000008a300000, 0x000000008a300000, 0x000000008a400000|  0%| F|  |TAMS 0x000000008a300000, 0x000000008a300000| Untracked 
| 164|0x000000008a400000, 0x000000008a400000, 0x000000008a500000|  0%| F|  |TAMS 0x000000008a400000, 0x000000008a400000| Untracked 
| 165|0x000000008a500000, 0x000000008a500000, 0x000000008a600000|  0%| F|  |TAMS 0x000000008a500000, 0x000000008a500000| Untracked 
| 166|0x000000008a600000, 0x000000008a600000, 0x000000008a700000|  0%| F|  |TAMS 0x000000008a600000, 0x000000008a600000| Untracked 
| 167|0x000000008a700000, 0x000000008a700000, 0x000000008a800000|  0%| F|  |TAMS 0x000000008a700000, 0x000000008a700000| Untracked 
| 168|0x000000008a800000, 0x000000008a800000, 0x000000008a900000|  0%| F|  |TAMS 0x000000008a800000, 0x000000008a800000| Untracked 
| 169|0x000000008a900000, 0x000000008a900000, 0x000000008aa00000|  0%| F|  |TAMS 0x000000008a900000, 0x000000008a900000| Untracked 
| 170|0x000000008aa00000, 0x000000008aa00000, 0x000000008ab00000|  0%| F|  |TAMS 0x000000008aa00000, 0x000000008aa00000| Untracked 
| 171|0x000000008ab00000, 0x000000008ab00000, 0x000000008ac00000|  0%| F|  |TAMS 0x000000008ab00000, 0x000000008ab00000| Untracked 
| 172|0x000000008ac00000, 0x000000008ac00000, 0x000000008ad00000|  0%| F|  |TAMS 0x000000008ac00000, 0x000000008ac00000| Untracked 
| 173|0x000000008ad00000, 0x000000008ad00000, 0x000000008ae00000|  0%| F|  |TAMS 0x000000008ad00000, 0x000000008ad00000| Untracked 
| 174|0x000000008ae00000, 0x000000008ae00000, 0x000000008af00000|  0%| F|  |TAMS 0x000000008ae00000, 0x000000008ae00000| Untracked 
| 175|0x000000008af00000, 0x000000008af00000, 0x000000008b000000|  0%| F|  |TAMS 0x000000008af00000, 0x000000008af00000| Untracked 
| 176|0x000000008b000000, 0x000000008b000000, 0x000000008b100000|  0%| F|  |TAMS 0x000000008b000000, 0x000000008b000000| Untracked 
| 177|0x000000008b100000, 0x000000008b100000, 0x000000008b200000|  0%| F|  |TAMS 0x000000008b100000, 0x000000008b100000| Untracked 
| 178|0x000000008b200000, 0x000000008b200000, 0x000000008b300000|  0%| F|  |TAMS 0x000000008b200000, 0x000000008b200000| Untracked 
| 179|0x000000008b300000, 0x000000008b300000, 0x000000008b400000|  0%| F|  |TAMS 0x000000008b300000, 0x000000008b300000| Untracked 
| 180|0x000000008b400000, 0x000000008b400000, 0x000000008b500000|  0%| F|  |TAMS 0x000000008b400000, 0x000000008b400000| Untracked 
| 181|0x000000008b500000, 0x000000008b500000, 0x000000008b600000|  0%| F|  |TAMS 0x000000008b500000, 0x000000008b500000| Untracked 
| 182|0x000000008b600000, 0x000000008b60b4e8, 0x000000008b700000|  4%| S|CS|TAMS 0x000000008b600000, 0x000000008b600000| Complete 
| 183|0x000000008b700000, 0x000000008b800000, 0x000000008b800000|100%| S|CS|TAMS 0x000000008b700000, 0x000000008b700000| Complete 
| 184|0x000000008b800000, 0x000000008b900000, 0x000000008b900000|100%| S|CS|TAMS 0x000000008b800000, 0x000000008b800000| Complete 
| 185|0x000000008b900000, 0x000000008ba00000, 0x000000008ba00000|100%| S|CS|TAMS 0x000000008b900000, 0x000000008b900000| Complete 
| 186|0x000000008ba00000, 0x000000008ba00000, 0x000000008bb00000|  0%| F|  |TAMS 0x000000008ba00000, 0x000000008ba00000| Untracked 
| 187|0x000000008bb00000, 0x000000008bb00000, 0x000000008bc00000|  0%| F|  |TAMS 0x000000008bb00000, 0x000000008bb00000| Untracked 
| 188|0x000000008bc00000, 0x000000008bc00000, 0x000000008bd00000|  0%| F|  |TAMS 0x000000008bc00000, 0x000000008bc00000| Untracked 
| 189|0x000000008bd00000, 0x000000008bd00000, 0x000000008be00000|  0%| F|  |TAMS 0x000000008bd00000, 0x000000008bd00000| Untracked 
| 190|0x000000008be00000, 0x000000008be00000, 0x000000008bf00000|  0%| F|  |TAMS 0x000000008be00000, 0x000000008be00000| Untracked 
| 191|0x000000008bf00000, 0x000000008bf00000, 0x000000008c000000|  0%| F|  |TAMS 0x000000008bf00000, 0x000000008bf00000| Untracked 
| 192|0x000000008c000000, 0x000000008c000000, 0x000000008c100000|  0%| F|  |TAMS 0x000000008c000000, 0x000000008c000000| Untracked 
| 193|0x000000008c100000, 0x000000008c100000, 0x000000008c200000|  0%| F|  |TAMS 0x000000008c100000, 0x000000008c100000| Untracked 
| 194|0x000000008c200000, 0x000000008c200000, 0x000000008c300000|  0%| F|  |TAMS 0x000000008c200000, 0x000000008c200000| Untracked 
| 195|0x000000008c300000, 0x000000008c300000, 0x000000008c400000|  0%| F|  |TAMS 0x000000008c300000, 0x000000008c300000| Untracked 
| 196|0x000000008c400000, 0x000000008c400000, 0x000000008c500000|  0%| F|  |TAMS 0x000000008c400000, 0x000000008c400000| Untracked 
| 197|0x000000008c500000, 0x000000008c500000, 0x000000008c600000|  0%| F|  |TAMS 0x000000008c500000, 0x000000008c500000| Untracked 
| 198|0x000000008c600000, 0x000000008c600000, 0x000000008c700000|  0%| F|  |TAMS 0x000000008c600000, 0x000000008c600000| Untracked 
| 199|0x000000008c700000, 0x000000008c700000, 0x000000008c800000|  0%| F|  |TAMS 0x000000008c700000, 0x000000008c700000| Untracked 
| 200|0x000000008c800000, 0x000000008c800000, 0x000000008c900000|  0%| F|  |TAMS 0x000000008c800000, 0x000000008c800000| Untracked 
| 201|0x000000008c900000, 0x000000008c900000, 0x000000008ca00000|  0%| F|  |TAMS 0x000000008c900000, 0x000000008c900000| Untracked 
| 202|0x000000008ca00000, 0x000000008ca00000, 0x000000008cb00000|  0%| F|  |TAMS 0x000000008ca00000, 0x000000008ca00000| Untracked 
| 203|0x000000008cb00000, 0x000000008cb00000, 0x000000008cc00000|  0%| F|  |TAMS 0x000000008cb00000, 0x000000008cb00000| Untracked 
| 204|0x000000008cc00000, 0x000000008cc00000, 0x000000008cd00000|  0%| F|  |TAMS 0x000000008cc00000, 0x000000008cc00000| Untracked 
| 205|0x000000008cd00000, 0x000000008cd00000, 0x000000008ce00000|  0%| F|  |TAMS 0x000000008cd00000, 0x000000008cd00000| Untracked 
| 206|0x000000008ce00000, 0x000000008ce00000, 0x000000008cf00000|  0%| F|  |TAMS 0x000000008ce00000, 0x000000008ce00000| Untracked 
| 207|0x000000008cf00000, 0x000000008cf00000, 0x000000008d000000|  0%| F|  |TAMS 0x000000008cf00000, 0x000000008cf00000| Untracked 
| 208|0x000000008d000000, 0x000000008d000000, 0x000000008d100000|  0%| F|  |TAMS 0x000000008d000000, 0x000000008d000000| Untracked 
| 209|0x000000008d100000, 0x000000008d100000, 0x000000008d200000|  0%| F|  |TAMS 0x000000008d100000, 0x000000008d100000| Untracked 
| 210|0x000000008d200000, 0x000000008d200000, 0x000000008d300000|  0%| F|  |TAMS 0x000000008d200000, 0x000000008d200000| Untracked 
| 211|0x000000008d300000, 0x000000008d300000, 0x000000008d400000|  0%| F|  |TAMS 0x000000008d300000, 0x000000008d300000| Untracked 
| 212|0x000000008d400000, 0x000000008d400000, 0x000000008d500000|  0%| F|  |TAMS 0x000000008d400000, 0x000000008d400000| Untracked 
| 213|0x000000008d500000, 0x000000008d500000, 0x000000008d600000|  0%| F|  |TAMS 0x000000008d500000, 0x000000008d500000| Untracked 
| 214|0x000000008d600000, 0x000000008d600000, 0x000000008d700000|  0%| F|  |TAMS 0x000000008d600000, 0x000000008d600000| Untracked 
| 215|0x000000008d700000, 0x000000008d700000, 0x000000008d800000|  0%| F|  |TAMS 0x000000008d700000, 0x000000008d700000| Untracked 
| 216|0x000000008d800000, 0x000000008d800000, 0x000000008d900000|  0%| F|  |TAMS 0x000000008d800000, 0x000000008d800000| Untracked 
| 217|0x000000008d900000, 0x000000008d900000, 0x000000008da00000|  0%| F|  |TAMS 0x000000008d900000, 0x000000008d900000| Untracked 
| 218|0x000000008da00000, 0x000000008da00000, 0x000000008db00000|  0%| F|  |TAMS 0x000000008da00000, 0x000000008da00000| Untracked 
| 219|0x000000008db00000, 0x000000008db00000, 0x000000008dc00000|  0%| F|  |TAMS 0x000000008db00000, 0x000000008db00000| Untracked 
| 220|0x000000008dc00000, 0x000000008dc00000, 0x000000008dd00000|  0%| F|  |TAMS 0x000000008dc00000, 0x000000008dc00000| Untracked 
| 221|0x000000008dd00000, 0x000000008dd00000, 0x000000008de00000|  0%| F|  |TAMS 0x000000008dd00000, 0x000000008dd00000| Untracked 
| 222|0x000000008de00000, 0x000000008de00000, 0x000000008df00000|  0%| F|  |TAMS 0x000000008de00000, 0x000000008de00000| Untracked 
| 223|0x000000008df00000, 0x000000008df00000, 0x000000008e000000|  0%| F|  |TAMS 0x000000008df00000, 0x000000008df00000| Untracked 
| 224|0x000000008e000000, 0x000000008e000000, 0x000000008e100000|  0%| F|  |TAMS 0x000000008e000000, 0x000000008e000000| Untracked 
| 225|0x000000008e100000, 0x000000008e100000, 0x000000008e200000|  0%| F|  |TAMS 0x000000008e100000, 0x000000008e100000| Untracked 
| 226|0x000000008e200000, 0x000000008e200000, 0x000000008e300000|  0%| F|  |TAMS 0x000000008e200000, 0x000000008e200000| Untracked 
| 227|0x000000008e300000, 0x000000008e300000, 0x000000008e400000|  0%| F|  |TAMS 0x000000008e300000, 0x000000008e300000| Untracked 
| 228|0x000000008e400000, 0x000000008e400000, 0x000000008e500000|  0%| F|  |TAMS 0x000000008e400000, 0x000000008e400000| Untracked 
| 229|0x000000008e500000, 0x000000008e500000, 0x000000008e600000|  0%| F|  |TAMS 0x000000008e500000, 0x000000008e500000| Untracked 
| 230|0x000000008e600000, 0x000000008e600000, 0x000000008e700000|  0%| F|  |TAMS 0x000000008e600000, 0x000000008e600000| Untracked 
| 231|0x000000008e700000, 0x000000008e700000, 0x000000008e800000|  0%| F|  |TAMS 0x000000008e700000, 0x000000008e700000| Untracked 
| 232|0x000000008e800000, 0x000000008e800000, 0x000000008e900000|  0%| F|  |TAMS 0x000000008e800000, 0x000000008e800000| Untracked 
| 233|0x000000008e900000, 0x000000008e900000, 0x000000008ea00000|  0%| F|  |TAMS 0x000000008e900000, 0x000000008e900000| Untracked 
| 234|0x000000008ea00000, 0x000000008ea00000, 0x000000008eb00000|  0%| F|  |TAMS 0x000000008ea00000, 0x000000008ea00000| Untracked 
| 235|0x000000008eb00000, 0x000000008eb00000, 0x000000008ec00000|  0%| F|  |TAMS 0x000000008eb00000, 0x000000008eb00000| Untracked 
| 236|0x000000008ec00000, 0x000000008ec00000, 0x000000008ed00000|  0%| F|  |TAMS 0x000000008ec00000, 0x000000008ec00000| Untracked 
| 237|0x000000008ed00000, 0x000000008ed00000, 0x000000008ee00000|  0%| F|  |TAMS 0x000000008ed00000, 0x000000008ed00000| Untracked 
| 238|0x000000008ee00000, 0x000000008ee00000, 0x000000008ef00000|  0%| F|  |TAMS 0x000000008ee00000, 0x000000008ee00000| Untracked 
| 239|0x000000008ef00000, 0x000000008ef00000, 0x000000008f000000|  0%| F|  |TAMS 0x000000008ef00000, 0x000000008ef00000| Untracked 
| 240|0x000000008f000000, 0x000000008f000000, 0x000000008f100000|  0%| F|  |TAMS 0x000000008f000000, 0x000000008f000000| Untracked 
| 241|0x000000008f100000, 0x000000008f100000, 0x000000008f200000|  0%| F|  |TAMS 0x000000008f100000, 0x000000008f100000| Untracked 
| 242|0x000000008f200000, 0x000000008f200000, 0x000000008f300000|  0%| F|  |TAMS 0x000000008f200000, 0x000000008f200000| Untracked 
| 243|0x000000008f300000, 0x000000008f300000, 0x000000008f400000|  0%| F|  |TAMS 0x000000008f300000, 0x000000008f300000| Untracked 
| 244|0x000000008f400000, 0x000000008f400000, 0x000000008f500000|  0%| F|  |TAMS 0x000000008f400000, 0x000000008f400000| Untracked 
| 245|0x000000008f500000, 0x000000008f500000, 0x000000008f600000|  0%| F|  |TAMS 0x000000008f500000, 0x000000008f500000| Untracked 
| 246|0x000000008f600000, 0x000000008f600000, 0x000000008f700000|  0%| F|  |TAMS 0x000000008f600000, 0x000000008f600000| Untracked 
| 247|0x000000008f700000, 0x000000008f700000, 0x000000008f800000|  0%| F|  |TAMS 0x000000008f700000, 0x000000008f700000| Untracked 
| 248|0x000000008f800000, 0x000000008f800000, 0x000000008f900000|  0%| F|  |TAMS 0x000000008f800000, 0x000000008f800000| Untracked 
| 249|0x000000008f900000, 0x000000008f900000, 0x000000008fa00000|  0%| F|  |TAMS 0x000000008f900000, 0x000000008f900000| Untracked 
| 250|0x000000008fa00000, 0x000000008fa00000, 0x000000008fb00000|  0%| F|  |TAMS 0x000000008fa00000, 0x000000008fa00000| Untracked 
| 251|0x000000008fb00000, 0x000000008fb00000, 0x000000008fc00000|  0%| F|  |TAMS 0x000000008fb00000, 0x000000008fb00000| Untracked 
| 252|0x000000008fc00000, 0x000000008fc00000, 0x000000008fd00000|  0%| F|  |TAMS 0x000000008fc00000, 0x000000008fc00000| Untracked 
| 253|0x000000008fd00000, 0x000000008fd00000, 0x000000008fe00000|  0%| F|  |TAMS 0x000000008fd00000, 0x000000008fd00000| Untracked 
| 254|0x000000008fe00000, 0x000000008fe00000, 0x000000008ff00000|  0%| F|  |TAMS 0x000000008fe00000, 0x000000008fe00000| Untracked 
| 255|0x000000008ff00000, 0x000000008ff00000, 0x0000000090000000|  0%| F|  |TAMS 0x000000008ff00000, 0x000000008ff00000| Untracked 
| 256|0x0000000090000000, 0x0000000090000000, 0x0000000090100000|  0%| F|  |TAMS 0x0000000090000000, 0x0000000090000000| Untracked 
| 257|0x0000000090100000, 0x0000000090100000, 0x0000000090200000|  0%| F|  |TAMS 0x0000000090100000, 0x0000000090100000| Untracked 
| 258|0x0000000090200000, 0x0000000090200000, 0x0000000090300000|  0%| F|  |TAMS 0x0000000090200000, 0x0000000090200000| Untracked 
| 259|0x0000000090300000, 0x0000000090300000, 0x0000000090400000|  0%| F|  |TAMS 0x0000000090300000, 0x0000000090300000| Untracked 
| 260|0x0000000090400000, 0x0000000090400000, 0x0000000090500000|  0%| F|  |TAMS 0x0000000090400000, 0x0000000090400000| Untracked 
| 261|0x0000000090500000, 0x0000000090500000, 0x0000000090600000|  0%| F|  |TAMS 0x0000000090500000, 0x0000000090500000| Untracked 
| 262|0x0000000090600000, 0x0000000090600000, 0x0000000090700000|  0%| F|  |TAMS 0x0000000090600000, 0x0000000090600000| Untracked 
| 263|0x0000000090700000, 0x0000000090700000, 0x0000000090800000|  0%| F|  |TAMS 0x0000000090700000, 0x0000000090700000| Untracked 
| 264|0x0000000090800000, 0x0000000090800000, 0x0000000090900000|  0%| F|  |TAMS 0x0000000090800000, 0x0000000090800000| Untracked 
| 265|0x0000000090900000, 0x0000000090900000, 0x0000000090a00000|  0%| F|  |TAMS 0x0000000090900000, 0x0000000090900000| Untracked 
| 266|0x0000000090a00000, 0x0000000090a00000, 0x0000000090b00000|  0%| F|  |TAMS 0x0000000090a00000, 0x0000000090a00000| Untracked 
| 267|0x0000000090b00000, 0x0000000090b00000, 0x0000000090c00000|  0%| F|  |TAMS 0x0000000090b00000, 0x0000000090b00000| Untracked 
| 268|0x0000000090c00000, 0x0000000090c00000, 0x0000000090d00000|  0%| F|  |TAMS 0x0000000090c00000, 0x0000000090c00000| Untracked 
| 269|0x0000000090d00000, 0x0000000090d00000, 0x0000000090e00000|  0%| F|  |TAMS 0x0000000090d00000, 0x0000000090d00000| Untracked 
| 270|0x0000000090e00000, 0x0000000090e00000, 0x0000000090f00000|  0%| F|  |TAMS 0x0000000090e00000, 0x0000000090e00000| Untracked 
| 271|0x0000000090f00000, 0x0000000090f00000, 0x0000000091000000|  0%| F|  |TAMS 0x0000000090f00000, 0x0000000090f00000| Untracked 
| 272|0x0000000091000000, 0x0000000091000000, 0x0000000091100000|  0%| F|  |TAMS 0x0000000091000000, 0x0000000091000000| Untracked 
| 273|0x0000000091100000, 0x0000000091100000, 0x0000000091200000|  0%| F|  |TAMS 0x0000000091100000, 0x0000000091100000| Untracked 
| 274|0x0000000091200000, 0x0000000091200000, 0x0000000091300000|  0%| F|  |TAMS 0x0000000091200000, 0x0000000091200000| Untracked 
| 275|0x0000000091300000, 0x0000000091300000, 0x0000000091400000|  0%| F|  |TAMS 0x0000000091300000, 0x0000000091300000| Untracked 
| 276|0x0000000091400000, 0x0000000091400000, 0x0000000091500000|  0%| F|  |TAMS 0x0000000091400000, 0x0000000091400000| Untracked 
| 277|0x0000000091500000, 0x0000000091500000, 0x0000000091600000|  0%| F|  |TAMS 0x0000000091500000, 0x0000000091500000| Untracked 
| 278|0x0000000091600000, 0x0000000091600000, 0x0000000091700000|  0%| F|  |TAMS 0x0000000091600000, 0x0000000091600000| Untracked 
| 279|0x0000000091700000, 0x0000000091700000, 0x0000000091800000|  0%| F|  |TAMS 0x0000000091700000, 0x0000000091700000| Untracked 
| 280|0x0000000091800000, 0x0000000091800000, 0x0000000091900000|  0%| F|  |TAMS 0x0000000091800000, 0x0000000091800000| Untracked 
| 281|0x0000000091900000, 0x0000000091900000, 0x0000000091a00000|  0%| F|  |TAMS 0x0000000091900000, 0x0000000091900000| Untracked 
| 282|0x0000000091a00000, 0x0000000091a00000, 0x0000000091b00000|  0%| F|  |TAMS 0x0000000091a00000, 0x0000000091a00000| Untracked 
| 283|0x0000000091b00000, 0x0000000091b00000, 0x0000000091c00000|  0%| F|  |TAMS 0x0000000091b00000, 0x0000000091b00000| Untracked 
| 284|0x0000000091c00000, 0x0000000091c00000, 0x0000000091d00000|  0%| F|  |TAMS 0x0000000091c00000, 0x0000000091c00000| Untracked 
| 285|0x0000000091d00000, 0x0000000091d00000, 0x0000000091e00000|  0%| F|  |TAMS 0x0000000091d00000, 0x0000000091d00000| Untracked 
| 286|0x0000000091e00000, 0x0000000091e00000, 0x0000000091f00000|  0%| F|  |TAMS 0x0000000091e00000, 0x0000000091e00000| Untracked 
| 287|0x0000000091f00000, 0x0000000091f00000, 0x0000000092000000|  0%| F|  |TAMS 0x0000000091f00000, 0x0000000091f00000| Untracked 
| 288|0x0000000092000000, 0x0000000092000000, 0x0000000092100000|  0%| F|  |TAMS 0x0000000092000000, 0x0000000092000000| Untracked 
| 289|0x0000000092100000, 0x0000000092100000, 0x0000000092200000|  0%| F|  |TAMS 0x0000000092100000, 0x0000000092100000| Untracked 
| 290|0x0000000092200000, 0x0000000092200000, 0x0000000092300000|  0%| F|  |TAMS 0x0000000092200000, 0x0000000092200000| Untracked 
| 291|0x0000000092300000, 0x0000000092300000, 0x0000000092400000|  0%| F|  |TAMS 0x0000000092300000, 0x0000000092300000| Untracked 
| 292|0x0000000092400000, 0x0000000092400000, 0x0000000092500000|  0%| F|  |TAMS 0x0000000092400000, 0x0000000092400000| Untracked 
| 293|0x0000000092500000, 0x0000000092500000, 0x0000000092600000|  0%| F|  |TAMS 0x0000000092500000, 0x0000000092500000| Untracked 
| 294|0x0000000092600000, 0x0000000092600000, 0x0000000092700000|  0%| F|  |TAMS 0x0000000092600000, 0x0000000092600000| Untracked 
| 295|0x0000000092700000, 0x0000000092700000, 0x0000000092800000|  0%| F|  |TAMS 0x0000000092700000, 0x0000000092700000| Untracked 
| 296|0x0000000092800000, 0x0000000092800000, 0x0000000092900000|  0%| F|  |TAMS 0x0000000092800000, 0x0000000092800000| Untracked 
| 297|0x0000000092900000, 0x0000000092900000, 0x0000000092a00000|  0%| F|  |TAMS 0x0000000092900000, 0x0000000092900000| Untracked 
| 298|0x0000000092a00000, 0x0000000092a00000, 0x0000000092b00000|  0%| F|  |TAMS 0x0000000092a00000, 0x0000000092a00000| Untracked 
| 299|0x0000000092b00000, 0x0000000092b00000, 0x0000000092c00000|  0%| F|  |TAMS 0x0000000092b00000, 0x0000000092b00000| Untracked 
| 300|0x0000000092c00000, 0x0000000092c00000, 0x0000000092d00000|  0%| F|  |TAMS 0x0000000092c00000, 0x0000000092c00000| Untracked 
| 301|0x0000000092d00000, 0x0000000092d00000, 0x0000000092e00000|  0%| F|  |TAMS 0x0000000092d00000, 0x0000000092d00000| Untracked 
| 302|0x0000000092e00000, 0x0000000092e00000, 0x0000000092f00000|  0%| F|  |TAMS 0x0000000092e00000, 0x0000000092e00000| Untracked 
| 303|0x0000000092f00000, 0x0000000092f00000, 0x0000000093000000|  0%| F|  |TAMS 0x0000000092f00000, 0x0000000092f00000| Untracked 
| 304|0x0000000093000000, 0x0000000093000000, 0x0000000093100000|  0%| F|  |TAMS 0x0000000093000000, 0x0000000093000000| Untracked 
| 305|0x0000000093100000, 0x0000000093100000, 0x0000000093200000|  0%| F|  |TAMS 0x0000000093100000, 0x0000000093100000| Untracked 
| 306|0x0000000093200000, 0x0000000093200000, 0x0000000093300000|  0%| F|  |TAMS 0x0000000093200000, 0x0000000093200000| Untracked 
| 307|0x0000000093300000, 0x0000000093300000, 0x0000000093400000|  0%| F|  |TAMS 0x0000000093300000, 0x0000000093300000| Untracked 
| 308|0x0000000093400000, 0x0000000093400000, 0x0000000093500000|  0%| F|  |TAMS 0x0000000093400000, 0x0000000093400000| Untracked 
| 309|0x0000000093500000, 0x0000000093500000, 0x0000000093600000|  0%| F|  |TAMS 0x0000000093500000, 0x0000000093500000| Untracked 
| 310|0x0000000093600000, 0x0000000093600000, 0x0000000093700000|  0%| F|  |TAMS 0x0000000093600000, 0x0000000093600000| Untracked 
| 311|0x0000000093700000, 0x0000000093700000, 0x0000000093800000|  0%| F|  |TAMS 0x0000000093700000, 0x0000000093700000| Untracked 
| 312|0x0000000093800000, 0x0000000093800000, 0x0000000093900000|  0%| F|  |TAMS 0x0000000093800000, 0x0000000093800000| Untracked 
| 313|0x0000000093900000, 0x0000000093900000, 0x0000000093a00000|  0%| F|  |TAMS 0x0000000093900000, 0x0000000093900000| Untracked 
| 314|0x0000000093a00000, 0x0000000093a00000, 0x0000000093b00000|  0%| F|  |TAMS 0x0000000093a00000, 0x0000000093a00000| Untracked 
| 315|0x0000000093b00000, 0x0000000093b00000, 0x0000000093c00000|  0%| F|  |TAMS 0x0000000093b00000, 0x0000000093b00000| Untracked 
| 316|0x0000000093c00000, 0x0000000093c00000, 0x0000000093d00000|  0%| F|  |TAMS 0x0000000093c00000, 0x0000000093c00000| Untracked 
| 317|0x0000000093d00000, 0x0000000093d00000, 0x0000000093e00000|  0%| F|  |TAMS 0x0000000093d00000, 0x0000000093d00000| Untracked 
| 318|0x0000000093e00000, 0x0000000093e00000, 0x0000000093f00000|  0%| F|  |TAMS 0x0000000093e00000, 0x0000000093e00000| Untracked 
| 319|0x0000000093f00000, 0x0000000093f00000, 0x0000000094000000|  0%| F|  |TAMS 0x0000000093f00000, 0x0000000093f00000| Untracked 
| 320|0x0000000094000000, 0x0000000094000000, 0x0000000094100000|  0%| F|  |TAMS 0x0000000094000000, 0x0000000094000000| Untracked 
| 321|0x0000000094100000, 0x0000000094100000, 0x0000000094200000|  0%| F|  |TAMS 0x0000000094100000, 0x0000000094100000| Untracked 
| 322|0x0000000094200000, 0x0000000094200000, 0x0000000094300000|  0%| F|  |TAMS 0x0000000094200000, 0x0000000094200000| Untracked 
| 323|0x0000000094300000, 0x0000000094300000, 0x0000000094400000|  0%| F|  |TAMS 0x0000000094300000, 0x0000000094300000| Untracked 
| 324|0x0000000094400000, 0x0000000094400000, 0x0000000094500000|  0%| F|  |TAMS 0x0000000094400000, 0x0000000094400000| Untracked 
| 325|0x0000000094500000, 0x0000000094500000, 0x0000000094600000|  0%| F|  |TAMS 0x0000000094500000, 0x0000000094500000| Untracked 
| 326|0x0000000094600000, 0x0000000094600000, 0x0000000094700000|  0%| F|  |TAMS 0x0000000094600000, 0x0000000094600000| Untracked 
| 327|0x0000000094700000, 0x0000000094700000, 0x0000000094800000|  0%| F|  |TAMS 0x0000000094700000, 0x0000000094700000| Untracked 
| 328|0x0000000094800000, 0x0000000094800000, 0x0000000094900000|  0%| F|  |TAMS 0x0000000094800000, 0x0000000094800000| Untracked 
| 329|0x0000000094900000, 0x0000000094900000, 0x0000000094a00000|  0%| F|  |TAMS 0x0000000094900000, 0x0000000094900000| Untracked 
| 330|0x0000000094a00000, 0x0000000094a00000, 0x0000000094b00000|  0%| F|  |TAMS 0x0000000094a00000, 0x0000000094a00000| Untracked 
| 331|0x0000000094b00000, 0x0000000094b00000, 0x0000000094c00000|  0%| F|  |TAMS 0x0000000094b00000, 0x0000000094b00000| Untracked 
| 332|0x0000000094c00000, 0x0000000094c00000, 0x0000000094d00000|  0%| F|  |TAMS 0x0000000094c00000, 0x0000000094c00000| Untracked 
| 333|0x0000000094d00000, 0x0000000094d00000, 0x0000000094e00000|  0%| F|  |TAMS 0x0000000094d00000, 0x0000000094d00000| Untracked 
| 334|0x0000000094e00000, 0x0000000094e00000, 0x0000000094f00000|  0%| F|  |TAMS 0x0000000094e00000, 0x0000000094e00000| Untracked 
| 335|0x0000000094f00000, 0x0000000094f00000, 0x0000000095000000|  0%| F|  |TAMS 0x0000000094f00000, 0x0000000094f00000| Untracked 
| 336|0x0000000095000000, 0x0000000095000000, 0x0000000095100000|  0%| F|  |TAMS 0x0000000095000000, 0x0000000095000000| Untracked 
| 337|0x0000000095100000, 0x0000000095100000, 0x0000000095200000|  0%| F|  |TAMS 0x0000000095100000, 0x0000000095100000| Untracked 
| 338|0x0000000095200000, 0x0000000095200000, 0x0000000095300000|  0%| F|  |TAMS 0x0000000095200000, 0x0000000095200000| Untracked 
| 339|0x0000000095300000, 0x0000000095300000, 0x0000000095400000|  0%| F|  |TAMS 0x0000000095300000, 0x0000000095300000| Untracked 
| 340|0x0000000095400000, 0x0000000095400000, 0x0000000095500000|  0%| F|  |TAMS 0x0000000095400000, 0x0000000095400000| Untracked 
| 341|0x0000000095500000, 0x0000000095500000, 0x0000000095600000|  0%| F|  |TAMS 0x0000000095500000, 0x0000000095500000| Untracked 
| 342|0x0000000095600000, 0x0000000095600000, 0x0000000095700000|  0%| F|  |TAMS 0x0000000095600000, 0x0000000095600000| Untracked 
| 343|0x0000000095700000, 0x0000000095700000, 0x0000000095800000|  0%| F|  |TAMS 0x0000000095700000, 0x0000000095700000| Untracked 
| 344|0x0000000095800000, 0x0000000095800000, 0x0000000095900000|  0%| F|  |TAMS 0x0000000095800000, 0x0000000095800000| Untracked 
| 345|0x0000000095900000, 0x0000000095900000, 0x0000000095a00000|  0%| F|  |TAMS 0x0000000095900000, 0x0000000095900000| Untracked 
| 346|0x0000000095a00000, 0x0000000095a00000, 0x0000000095b00000|  0%| F|  |TAMS 0x0000000095a00000, 0x0000000095a00000| Untracked 
| 347|0x0000000095b00000, 0x0000000095b00000, 0x0000000095c00000|  0%| F|  |TAMS 0x0000000095b00000, 0x0000000095b00000| Untracked 
| 348|0x0000000095c00000, 0x0000000095c00000, 0x0000000095d00000|  0%| F|  |TAMS 0x0000000095c00000, 0x0000000095c00000| Untracked 
| 349|0x0000000095d00000, 0x0000000095d00000, 0x0000000095e00000|  0%| F|  |TAMS 0x0000000095d00000, 0x0000000095d00000| Untracked 
| 350|0x0000000095e00000, 0x0000000095e00000, 0x0000000095f00000|  0%| F|  |TAMS 0x0000000095e00000, 0x0000000095e00000| Untracked 
| 351|0x0000000095f00000, 0x0000000095f00000, 0x0000000096000000|  0%| F|  |TAMS 0x0000000095f00000, 0x0000000095f00000| Untracked 
| 352|0x0000000096000000, 0x0000000096000000, 0x0000000096100000|  0%| F|  |TAMS 0x0000000096000000, 0x0000000096000000| Untracked 
| 353|0x0000000096100000, 0x0000000096100000, 0x0000000096200000|  0%| F|  |TAMS 0x0000000096100000, 0x0000000096100000| Untracked 
| 354|0x0000000096200000, 0x0000000096200000, 0x0000000096300000|  0%| F|  |TAMS 0x0000000096200000, 0x0000000096200000| Untracked 
| 355|0x0000000096300000, 0x0000000096300000, 0x0000000096400000|  0%| F|  |TAMS 0x0000000096300000, 0x0000000096300000| Untracked 
| 356|0x0000000096400000, 0x0000000096400000, 0x0000000096500000|  0%| F|  |TAMS 0x0000000096400000, 0x0000000096400000| Untracked 
| 357|0x0000000096500000, 0x0000000096500000, 0x0000000096600000|  0%| F|  |TAMS 0x0000000096500000, 0x0000000096500000| Untracked 
| 358|0x0000000096600000, 0x0000000096600000, 0x0000000096700000|  0%| F|  |TAMS 0x0000000096600000, 0x0000000096600000| Untracked 
| 359|0x0000000096700000, 0x0000000096700000, 0x0000000096800000|  0%| F|  |TAMS 0x0000000096700000, 0x0000000096700000| Untracked 
| 360|0x0000000096800000, 0x0000000096800000, 0x0000000096900000|  0%| F|  |TAMS 0x0000000096800000, 0x0000000096800000| Untracked 
| 361|0x0000000096900000, 0x0000000096900000, 0x0000000096a00000|  0%| F|  |TAMS 0x0000000096900000, 0x0000000096900000| Untracked 
| 362|0x0000000096a00000, 0x0000000096a00000, 0x0000000096b00000|  0%| F|  |TAMS 0x0000000096a00000, 0x0000000096a00000| Untracked 
| 363|0x0000000096b00000, 0x0000000096b00000, 0x0000000096c00000|  0%| F|  |TAMS 0x0000000096b00000, 0x0000000096b00000| Untracked 
| 364|0x0000000096c00000, 0x0000000096c00000, 0x0000000096d00000|  0%| F|  |TAMS 0x0000000096c00000, 0x0000000096c00000| Untracked 
| 365|0x0000000096d00000, 0x0000000096d00000, 0x0000000096e00000|  0%| F|  |TAMS 0x0000000096d00000, 0x0000000096d00000| Untracked 
| 366|0x0000000096e00000, 0x0000000096e00000, 0x0000000096f00000|  0%| F|  |TAMS 0x0000000096e00000, 0x0000000096e00000| Untracked 
| 367|0x0000000096f00000, 0x0000000096f00000, 0x0000000097000000|  0%| F|  |TAMS 0x0000000096f00000, 0x0000000096f00000| Untracked 
| 368|0x0000000097000000, 0x0000000097000000, 0x0000000097100000|  0%| F|  |TAMS 0x0000000097000000, 0x0000000097000000| Untracked 
| 369|0x0000000097100000, 0x0000000097100000, 0x0000000097200000|  0%| F|  |TAMS 0x0000000097100000, 0x0000000097100000| Untracked 
| 370|0x0000000097200000, 0x0000000097200000, 0x0000000097300000|  0%| F|  |TAMS 0x0000000097200000, 0x0000000097200000| Untracked 
| 371|0x0000000097300000, 0x0000000097300000, 0x0000000097400000|  0%| F|  |TAMS 0x0000000097300000, 0x0000000097300000| Untracked 
| 372|0x0000000097400000, 0x0000000097400000, 0x0000000097500000|  0%| F|  |TAMS 0x0000000097400000, 0x0000000097400000| Untracked 
| 373|0x0000000097500000, 0x0000000097500000, 0x0000000097600000|  0%| F|  |TAMS 0x0000000097500000, 0x0000000097500000| Untracked 
| 374|0x0000000097600000, 0x0000000097600000, 0x0000000097700000|  0%| F|  |TAMS 0x0000000097600000, 0x0000000097600000| Untracked 
| 375|0x0000000097700000, 0x0000000097700000, 0x0000000097800000|  0%| F|  |TAMS 0x0000000097700000, 0x0000000097700000| Untracked 
| 376|0x0000000097800000, 0x0000000097800000, 0x0000000097900000|  0%| F|  |TAMS 0x0000000097800000, 0x0000000097800000| Untracked 
| 377|0x0000000097900000, 0x0000000097900000, 0x0000000097a00000|  0%| F|  |TAMS 0x0000000097900000, 0x0000000097900000| Untracked 
| 378|0x0000000097a00000, 0x0000000097a00000, 0x0000000097b00000|  0%| F|  |TAMS 0x0000000097a00000, 0x0000000097a00000| Untracked 
| 379|0x0000000097b00000, 0x0000000097b00000, 0x0000000097c00000|  0%| F|  |TAMS 0x0000000097b00000, 0x0000000097b00000| Untracked 
| 380|0x0000000097c00000, 0x0000000097c00000, 0x0000000097d00000|  0%| F|  |TAMS 0x0000000097c00000, 0x0000000097c00000| Untracked 
| 381|0x0000000097d00000, 0x0000000097d00000, 0x0000000097e00000|  0%| F|  |TAMS 0x0000000097d00000, 0x0000000097d00000| Untracked 
| 382|0x0000000097e00000, 0x0000000097e00000, 0x0000000097f00000|  0%| F|  |TAMS 0x0000000097e00000, 0x0000000097e00000| Untracked 
| 383|0x0000000097f00000, 0x0000000097f00000, 0x0000000098000000|  0%| F|  |TAMS 0x0000000097f00000, 0x0000000097f00000| Untracked 
| 384|0x0000000098000000, 0x0000000098000000, 0x0000000098100000|  0%| F|  |TAMS 0x0000000098000000, 0x0000000098000000| Untracked 
| 385|0x0000000098100000, 0x0000000098100000, 0x0000000098200000|  0%| F|  |TAMS 0x0000000098100000, 0x0000000098100000| Untracked 
| 386|0x0000000098200000, 0x0000000098200000, 0x0000000098300000|  0%| F|  |TAMS 0x0000000098200000, 0x0000000098200000| Untracked 
| 387|0x0000000098300000, 0x0000000098300000, 0x0000000098400000|  0%| F|  |TAMS 0x0000000098300000, 0x0000000098300000| Untracked 
| 388|0x0000000098400000, 0x0000000098400000, 0x0000000098500000|  0%| F|  |TAMS 0x0000000098400000, 0x0000000098400000| Untracked 
| 389|0x0000000098500000, 0x0000000098500000, 0x0000000098600000|  0%| F|  |TAMS 0x0000000098500000, 0x0000000098500000| Untracked 
| 390|0x0000000098600000, 0x0000000098600000, 0x0000000098700000|  0%| F|  |TAMS 0x0000000098600000, 0x0000000098600000| Untracked 
| 391|0x0000000098700000, 0x0000000098700000, 0x0000000098800000|  0%| F|  |TAMS 0x0000000098700000, 0x0000000098700000| Untracked 
| 392|0x0000000098800000, 0x0000000098800000, 0x0000000098900000|  0%| F|  |TAMS 0x0000000098800000, 0x0000000098800000| Untracked 
| 393|0x0000000098900000, 0x0000000098900000, 0x0000000098a00000|  0%| F|  |TAMS 0x0000000098900000, 0x0000000098900000| Untracked 
| 394|0x0000000098a00000, 0x0000000098a00000, 0x0000000098b00000|  0%| F|  |TAMS 0x0000000098a00000, 0x0000000098a00000| Untracked 
| 395|0x0000000098b00000, 0x0000000098b00000, 0x0000000098c00000|  0%| F|  |TAMS 0x0000000098b00000, 0x0000000098b00000| Untracked 
| 396|0x0000000098c00000, 0x0000000098c00000, 0x0000000098d00000|  0%| F|  |TAMS 0x0000000098c00000, 0x0000000098c00000| Untracked 
| 397|0x0000000098d00000, 0x0000000098d00000, 0x0000000098e00000|  0%| F|  |TAMS 0x0000000098d00000, 0x0000000098d00000| Untracked 
| 398|0x0000000098e00000, 0x0000000098e00000, 0x0000000098f00000|  0%| F|  |TAMS 0x0000000098e00000, 0x0000000098e00000| Untracked 
| 399|0x0000000098f00000, 0x0000000098f00000, 0x0000000099000000|  0%| F|  |TAMS 0x0000000098f00000, 0x0000000098f00000| Untracked 
| 400|0x0000000099000000, 0x0000000099000000, 0x0000000099100000|  0%| F|  |TAMS 0x0000000099000000, 0x0000000099000000| Untracked 
| 401|0x0000000099100000, 0x0000000099100000, 0x0000000099200000|  0%| F|  |TAMS 0x0000000099100000, 0x0000000099100000| Untracked 
| 402|0x0000000099200000, 0x0000000099200000, 0x0000000099300000|  0%| F|  |TAMS 0x0000000099200000, 0x0000000099200000| Untracked 
| 403|0x0000000099300000, 0x0000000099300000, 0x0000000099400000|  0%| F|  |TAMS 0x0000000099300000, 0x0000000099300000| Untracked 
| 404|0x0000000099400000, 0x0000000099400000, 0x0000000099500000|  0%| F|  |TAMS 0x0000000099400000, 0x0000000099400000| Untracked 
| 405|0x0000000099500000, 0x0000000099500000, 0x0000000099600000|  0%| F|  |TAMS 0x0000000099500000, 0x0000000099500000| Untracked 
| 406|0x0000000099600000, 0x0000000099600000, 0x0000000099700000|  0%| F|  |TAMS 0x0000000099600000, 0x0000000099600000| Untracked 
| 407|0x0000000099700000, 0x0000000099700000, 0x0000000099800000|  0%| F|  |TAMS 0x0000000099700000, 0x0000000099700000| Untracked 
| 408|0x0000000099800000, 0x0000000099800000, 0x0000000099900000|  0%| F|  |TAMS 0x0000000099800000, 0x0000000099800000| Untracked 
| 409|0x0000000099900000, 0x0000000099900000, 0x0000000099a00000|  0%| F|  |TAMS 0x0000000099900000, 0x0000000099900000| Untracked 
| 410|0x0000000099a00000, 0x0000000099a00000, 0x0000000099b00000|  0%| F|  |TAMS 0x0000000099a00000, 0x0000000099a00000| Untracked 
| 411|0x0000000099b00000, 0x0000000099b00000, 0x0000000099c00000|  0%| F|  |TAMS 0x0000000099b00000, 0x0000000099b00000| Untracked 
| 412|0x0000000099c00000, 0x0000000099c00000, 0x0000000099d00000|  0%| F|  |TAMS 0x0000000099c00000, 0x0000000099c00000| Untracked 
| 413|0x0000000099d00000, 0x0000000099d00000, 0x0000000099e00000|  0%| F|  |TAMS 0x0000000099d00000, 0x0000000099d00000| Untracked 
| 414|0x0000000099e00000, 0x0000000099e00000, 0x0000000099f00000|  0%| F|  |TAMS 0x0000000099e00000, 0x0000000099e00000| Untracked 
| 415|0x0000000099f00000, 0x0000000099f00000, 0x000000009a000000|  0%| F|  |TAMS 0x0000000099f00000, 0x0000000099f00000| Untracked 
| 416|0x000000009a000000, 0x000000009a000000, 0x000000009a100000|  0%| F|  |TAMS 0x000000009a000000, 0x000000009a000000| Untracked 
| 417|0x000000009a100000, 0x000000009a100000, 0x000000009a200000|  0%| F|  |TAMS 0x000000009a100000, 0x000000009a100000| Untracked 
| 418|0x000000009a200000, 0x000000009a200000, 0x000000009a300000|  0%| F|  |TAMS 0x000000009a200000, 0x000000009a200000| Untracked 
| 419|0x000000009a300000, 0x000000009a300000, 0x000000009a400000|  0%| F|  |TAMS 0x000000009a300000, 0x000000009a300000| Untracked 
| 420|0x000000009a400000, 0x000000009a400000, 0x000000009a500000|  0%| F|  |TAMS 0x000000009a400000, 0x000000009a400000| Untracked 
| 421|0x000000009a500000, 0x000000009a500000, 0x000000009a600000|  0%| F|  |TAMS 0x000000009a500000, 0x000000009a500000| Untracked 
| 422|0x000000009a600000, 0x000000009a600000, 0x000000009a700000|  0%| F|  |TAMS 0x000000009a600000, 0x000000009a600000| Untracked 
| 423|0x000000009a700000, 0x000000009a700000, 0x000000009a800000|  0%| F|  |TAMS 0x000000009a700000, 0x000000009a700000| Untracked 
| 424|0x000000009a800000, 0x000000009a800000, 0x000000009a900000|  0%| F|  |TAMS 0x000000009a800000, 0x000000009a800000| Untracked 
| 425|0x000000009a900000, 0x000000009a900000, 0x000000009aa00000|  0%| F|  |TAMS 0x000000009a900000, 0x000000009a900000| Untracked 
| 426|0x000000009aa00000, 0x000000009aa00000, 0x000000009ab00000|  0%| F|  |TAMS 0x000000009aa00000, 0x000000009aa00000| Untracked 
| 427|0x000000009ab00000, 0x000000009ab00000, 0x000000009ac00000|  0%| F|  |TAMS 0x000000009ab00000, 0x000000009ab00000| Untracked 
| 428|0x000000009ac00000, 0x000000009ac00000, 0x000000009ad00000|  0%| F|  |TAMS 0x000000009ac00000, 0x000000009ac00000| Untracked 
| 429|0x000000009ad00000, 0x000000009ad00000, 0x000000009ae00000|  0%| F|  |TAMS 0x000000009ad00000, 0x000000009ad00000| Untracked 
| 430|0x000000009ae00000, 0x000000009ae00000, 0x000000009af00000|  0%| F|  |TAMS 0x000000009ae00000, 0x000000009ae00000| Untracked 
| 431|0x000000009af00000, 0x000000009af00000, 0x000000009b000000|  0%| F|  |TAMS 0x000000009af00000, 0x000000009af00000| Untracked 
| 432|0x000000009b000000, 0x000000009b000000, 0x000000009b100000|  0%| F|  |TAMS 0x000000009b000000, 0x000000009b000000| Untracked 
| 433|0x000000009b100000, 0x000000009b100000, 0x000000009b200000|  0%| F|  |TAMS 0x000000009b100000, 0x000000009b100000| Untracked 
| 434|0x000000009b200000, 0x000000009b200000, 0x000000009b300000|  0%| F|  |TAMS 0x000000009b200000, 0x000000009b200000| Untracked 
| 435|0x000000009b300000, 0x000000009b300000, 0x000000009b400000|  0%| F|  |TAMS 0x000000009b300000, 0x000000009b300000| Untracked 
| 436|0x000000009b400000, 0x000000009b400000, 0x000000009b500000|  0%| F|  |TAMS 0x000000009b400000, 0x000000009b400000| Untracked 
| 437|0x000000009b500000, 0x000000009b500000, 0x000000009b600000|  0%| F|  |TAMS 0x000000009b500000, 0x000000009b500000| Untracked 
| 438|0x000000009b600000, 0x000000009b600000, 0x000000009b700000|  0%| F|  |TAMS 0x000000009b600000, 0x000000009b600000| Untracked 
| 439|0x000000009b700000, 0x000000009b700000, 0x000000009b800000|  0%| F|  |TAMS 0x000000009b700000, 0x000000009b700000| Untracked 
| 440|0x000000009b800000, 0x000000009b800000, 0x000000009b900000|  0%| F|  |TAMS 0x000000009b800000, 0x000000009b800000| Untracked 
| 441|0x000000009b900000, 0x000000009b900000, 0x000000009ba00000|  0%| F|  |TAMS 0x000000009b900000, 0x000000009b900000| Untracked 
| 442|0x000000009ba00000, 0x000000009ba00000, 0x000000009bb00000|  0%| F|  |TAMS 0x000000009ba00000, 0x000000009ba00000| Untracked 
| 443|0x000000009bb00000, 0x000000009bb00000, 0x000000009bc00000|  0%| F|  |TAMS 0x000000009bb00000, 0x000000009bb00000| Untracked 
| 444|0x000000009bc00000, 0x000000009bc00000, 0x000000009bd00000|  0%| F|  |TAMS 0x000000009bc00000, 0x000000009bc00000| Untracked 
| 445|0x000000009bd00000, 0x000000009bd00000, 0x000000009be00000|  0%| F|  |TAMS 0x000000009bd00000, 0x000000009bd00000| Untracked 
| 446|0x000000009be00000, 0x000000009be00000, 0x000000009bf00000|  0%| F|  |TAMS 0x000000009be00000, 0x000000009be00000| Untracked 
| 447|0x000000009bf00000, 0x000000009bf00000, 0x000000009c000000|  0%| F|  |TAMS 0x000000009bf00000, 0x000000009bf00000| Untracked 
| 448|0x000000009c000000, 0x000000009c100000, 0x000000009c100000|100%| E|  |TAMS 0x000000009c000000, 0x000000009c000000| Complete 
| 449|0x000000009c100000, 0x000000009c200000, 0x000000009c200000|100%| E|CS|TAMS 0x000000009c100000, 0x000000009c100000| Complete 
| 450|0x000000009c200000, 0x000000009c300000, 0x000000009c300000|100%| E|CS|TAMS 0x000000009c200000, 0x000000009c200000| Complete 
| 451|0x000000009c300000, 0x000000009c400000, 0x000000009c400000|100%| E|CS|TAMS 0x000000009c300000, 0x000000009c300000| Complete 
| 452|0x000000009c400000, 0x000000009c500000, 0x000000009c500000|100%| E|CS|TAMS 0x000000009c400000, 0x000000009c400000| Complete 
| 453|0x000000009c500000, 0x000000009c600000, 0x000000009c600000|100%| E|CS|TAMS 0x000000009c500000, 0x000000009c500000| Complete 
| 454|0x000000009c600000, 0x000000009c700000, 0x000000009c700000|100%| E|CS|TAMS 0x000000009c600000, 0x000000009c600000| Complete 
| 455|0x000000009c700000, 0x000000009c800000, 0x000000009c800000|100%| E|CS|TAMS 0x000000009c700000, 0x000000009c700000| Complete 
| 456|0x000000009c800000, 0x000000009c900000, 0x000000009c900000|100%| E|CS|TAMS 0x000000009c800000, 0x000000009c800000| Complete 
| 457|0x000000009c900000, 0x000000009ca00000, 0x000000009ca00000|100%| E|CS|TAMS 0x000000009c900000, 0x000000009c900000| Complete 
| 458|0x000000009ca00000, 0x000000009cb00000, 0x000000009cb00000|100%| E|CS|TAMS 0x000000009ca00000, 0x000000009ca00000| Complete 
| 459|0x000000009cb00000, 0x000000009cc00000, 0x000000009cc00000|100%| E|CS|TAMS 0x000000009cb00000, 0x000000009cb00000| Complete 
| 460|0x000000009cc00000, 0x000000009cd00000, 0x000000009cd00000|100%| E|CS|TAMS 0x000000009cc00000, 0x000000009cc00000| Complete 
| 461|0x000000009cd00000, 0x000000009ce00000, 0x000000009ce00000|100%| E|CS|TAMS 0x000000009cd00000, 0x000000009cd00000| Complete 
| 462|0x000000009ce00000, 0x000000009cf00000, 0x000000009cf00000|100%| E|CS|TAMS 0x000000009ce00000, 0x000000009ce00000| Complete 
| 463|0x000000009cf00000, 0x000000009d000000, 0x000000009d000000|100%| E|CS|TAMS 0x000000009cf00000, 0x000000009cf00000| Complete 
| 464|0x000000009d000000, 0x000000009d100000, 0x000000009d100000|100%| E|CS|TAMS 0x000000009d000000, 0x000000009d000000| Complete 
| 465|0x000000009d100000, 0x000000009d200000, 0x000000009d200000|100%| E|CS|TAMS 0x000000009d100000, 0x000000009d100000| Complete 
| 466|0x000000009d200000, 0x000000009d300000, 0x000000009d300000|100%| E|CS|TAMS 0x000000009d200000, 0x000000009d200000| Complete 
| 467|0x000000009d300000, 0x000000009d400000, 0x000000009d400000|100%| E|CS|TAMS 0x000000009d300000, 0x000000009d300000| Complete 
| 468|0x000000009d400000, 0x000000009d500000, 0x000000009d500000|100%| E|CS|TAMS 0x000000009d400000, 0x000000009d400000| Complete 
| 469|0x000000009d500000, 0x000000009d600000, 0x000000009d600000|100%| E|CS|TAMS 0x000000009d500000, 0x000000009d500000| Complete 
| 470|0x000000009d600000, 0x000000009d700000, 0x000000009d700000|100%| E|CS|TAMS 0x000000009d600000, 0x000000009d600000| Complete 
| 471|0x000000009d700000, 0x000000009d800000, 0x000000009d800000|100%| E|CS|TAMS 0x000000009d700000, 0x000000009d700000| Complete 
| 472|0x000000009d800000, 0x000000009d900000, 0x000000009d900000|100%| E|CS|TAMS 0x000000009d800000, 0x000000009d800000| Complete 
| 473|0x000000009d900000, 0x000000009da00000, 0x000000009da00000|100%| E|CS|TAMS 0x000000009d900000, 0x000000009d900000| Complete 
| 474|0x000000009da00000, 0x000000009db00000, 0x000000009db00000|100%| E|CS|TAMS 0x000000009da00000, 0x000000009da00000| Complete 
| 475|0x000000009db00000, 0x000000009dc00000, 0x000000009dc00000|100%| E|CS|TAMS 0x000000009db00000, 0x000000009db00000| Complete 
| 476|0x000000009dc00000, 0x000000009dd00000, 0x000000009dd00000|100%| E|CS|TAMS 0x000000009dc00000, 0x000000009dc00000| Complete 
| 477|0x000000009dd00000, 0x000000009de00000, 0x000000009de00000|100%| E|CS|TAMS 0x000000009dd00000, 0x000000009dd00000| Complete 
| 478|0x000000009de00000, 0x000000009df00000, 0x000000009df00000|100%| E|CS|TAMS 0x000000009de00000, 0x000000009de00000| Complete 
| 479|0x000000009df00000, 0x000000009e000000, 0x000000009e000000|100%| E|CS|TAMS 0x000000009df00000, 0x000000009df00000| Complete 
| 480|0x000000009e000000, 0x000000009e100000, 0x000000009e100000|100%| E|CS|TAMS 0x000000009e000000, 0x000000009e000000| Complete 
| 481|0x000000009e100000, 0x000000009e200000, 0x000000009e200000|100%| E|CS|TAMS 0x000000009e100000, 0x000000009e100000| Complete 
| 482|0x000000009e200000, 0x000000009e300000, 0x000000009e300000|100%| E|CS|TAMS 0x000000009e200000, 0x000000009e200000| Complete 
| 483|0x000000009e300000, 0x000000009e400000, 0x000000009e400000|100%| E|CS|TAMS 0x000000009e300000, 0x000000009e300000| Complete 
| 484|0x000000009e400000, 0x000000009e500000, 0x000000009e500000|100%| E|CS|TAMS 0x000000009e400000, 0x000000009e400000| Complete 
| 485|0x000000009e500000, 0x000000009e600000, 0x000000009e600000|100%| E|CS|TAMS 0x000000009e500000, 0x000000009e500000| Complete 
| 486|0x000000009e600000, 0x000000009e700000, 0x000000009e700000|100%| E|CS|TAMS 0x000000009e600000, 0x000000009e600000| Complete 
| 487|0x000000009e700000, 0x000000009e800000, 0x000000009e800000|100%| E|CS|TAMS 0x000000009e700000, 0x000000009e700000| Complete 
| 488|0x000000009e800000, 0x000000009e900000, 0x000000009e900000|100%| E|CS|TAMS 0x000000009e800000, 0x000000009e800000| Complete 
| 489|0x000000009e900000, 0x000000009ea00000, 0x000000009ea00000|100%| E|CS|TAMS 0x000000009e900000, 0x000000009e900000| Complete 
| 490|0x000000009ea00000, 0x000000009eb00000, 0x000000009eb00000|100%| E|CS|TAMS 0x000000009ea00000, 0x000000009ea00000| Complete 
| 491|0x000000009eb00000, 0x000000009ec00000, 0x000000009ec00000|100%| E|CS|TAMS 0x000000009eb00000, 0x000000009eb00000| Complete 
| 492|0x000000009ec00000, 0x000000009ed00000, 0x000000009ed00000|100%| E|CS|TAMS 0x000000009ec00000, 0x000000009ec00000| Complete 
| 493|0x000000009ed00000, 0x000000009ee00000, 0x000000009ee00000|100%| E|CS|TAMS 0x000000009ed00000, 0x000000009ed00000| Complete 
| 494|0x000000009ee00000, 0x000000009ef00000, 0x000000009ef00000|100%| E|CS|TAMS 0x000000009ee00000, 0x000000009ee00000| Complete 
| 495|0x000000009ef00000, 0x000000009f000000, 0x000000009f000000|100%| E|CS|TAMS 0x000000009ef00000, 0x000000009ef00000| Complete 
| 496|0x000000009f000000, 0x000000009f100000, 0x000000009f100000|100%| E|CS|TAMS 0x000000009f000000, 0x000000009f000000| Complete 
| 497|0x000000009f100000, 0x000000009f200000, 0x000000009f200000|100%| E|CS|TAMS 0x000000009f100000, 0x000000009f100000| Complete 
| 498|0x000000009f200000, 0x000000009f300000, 0x000000009f300000|100%| E|CS|TAMS 0x000000009f200000, 0x000000009f200000| Complete 
| 499|0x000000009f300000, 0x000000009f400000, 0x000000009f400000|100%| E|CS|TAMS 0x000000009f300000, 0x000000009f300000| Complete 

Card table byte_map: [0x000002823b5b0000,0x000002823b9b0000] _byte_map_base: 0x000002823b1b0000

Marking Bits (Prev, Next): (CMBitMap*) 0x0000028222b0ecc0, (CMBitMap*) 0x0000028222b0ed00
 Prev Bits: [0x000002823bdb0000, 0x000002823ddb0000)
 Next Bits: [0x000002823ddb0000, 0x000002823fdb0000)

Polling page: 0x0000028222b80000

Metaspace:

Usage:
  Non-class:     78.91 MB used.
      Class:     12.75 MB used.
       Both:     91.66 MB used.

Virtual space:
  Non-class space:      128.00 MB reserved,      79.38 MB ( 62%) committed,  2 nodes.
      Class space:        1.00 GB reserved,      13.19 MB (  1%) committed,  1 nodes.
             Both:        1.12 GB reserved,      92.56 MB (  8%) committed. 

Chunk freelists:
   Non-Class:  576.00 KB
       Class:  2.70 MB
        Both:  3.27 MB

MaxMetaspaceSize: unlimited
CompressedClassSpaceSize: 1.00 GB
Initial GC threshold: 21.00 MB
Current GC threshold: 133.38 MB
CDS: on
MetaspaceReclaimPolicy: balanced
 - commit_granule_bytes: 65536.
 - commit_granule_words: 8192.
 - virtual_space_node_default_size: 8388608.
 - enlarge_chunks_in_place: 1.
 - new_chunks_are_fully_committed: 0.
 - uncommit_free_chunks: 1.
 - use_allocation_guard: 0.
 - handle_deallocations: 1.


Internal statistics:

num_allocs_failed_limit: 3.
num_arena_births: 1332.
num_arena_deaths: 0.
num_vsnodes_births: 3.
num_vsnodes_deaths: 0.
num_space_committed: 1481.
num_space_uncommitted: 0.
num_chunks_returned_to_freelist: 3.
num_chunks_taken_from_freelist: 5412.
num_chunk_merges: 3.
num_chunk_splits: 3541.
num_chunks_enlarged: 2313.
num_inconsistent_stats: 0.

CodeHeap 'non-profiled nmethods': size=120000Kb used=6137Kb max_used=6137Kb free=113862Kb
 bounds [0x0000028233650000, 0x0000028233c50000, 0x000002823ab80000]
CodeHeap 'profiled nmethods': size=120000Kb used=19032Kb max_used=19032Kb free=100968Kb
 bounds [0x000002822bb80000, 0x000002822ce20000, 0x00000282330b0000]
CodeHeap 'non-nmethods': size=5760Kb used=2427Kb max_used=2459Kb free=3333Kb
 bounds [0x00000282330b0000, 0x0000028233320000, 0x0000028233650000]
 total_blobs=10743 nmethods=9774 adapters=881
 compilation: enabled
              stopped_count=0, restarted_count=0
 full_count=0

Compilation events (20 events):
Event: 83.504 Thread 0x0000028242409f80 nmethod 11343 0x0000028233c3db10 code [0x0000028233c3dca0, 0x0000028233c3de78]
Event: 83.531 Thread 0x0000028242409f80 11346   !   4       org.gradle.cache.internal.DefaultMultiProcessSafeIndexedCache::getIfPresent (25 bytes)
Event: 83.609 Thread 0x000002824240b0e0 11350   !   2       org.gradle.cache.internal.LockOnDemandCrossProcessCacheAccess::withFileLock (24 bytes)
Event: 83.609 Thread 0x000002824240b0e0 nmethod 11350 0x000002822ce15e90 code [0x000002822ce16060, 0x000002822ce16218]
Event: 83.687 Thread 0x000002824240b0e0 11351       3       java.lang.String$CaseInsensitiveComparator::compare (68 bytes)
Event: 83.688 Thread 0x000002824240b0e0 nmethod 11351 0x000002822ce16390 code [0x000002822ce165a0, 0x000002822ce16a38]
Event: 83.723 Thread 0x000002824240b0e0 11352       3       java.lang.StringLatin1::compareToCI (108 bytes)
Event: 83.726 Thread 0x000002824240b0e0 nmethod 11352 0x000002822ce16c10 code [0x000002822ce16e60, 0x000002822ce17738]
Event: 83.909 Thread 0x0000028242409f80 nmethod 11346 0x0000028233c3e010 code [0x0000028233c3e460, 0x0000028233c422f8]
Event: 83.909 Thread 0x0000028242409f80 11348       4       org.gradle.cache.internal.CrossProcessSynchronizingIndexedCache::getIfPresent (17 bytes)
Event: 83.966 Thread 0x0000028242409f80 nmethod 11348 0x0000028233c45110 code [0x0000028233c453e0, 0x0000028233c46648]
Event: 83.967 Thread 0x0000028242409f80 11347       4       org.gradle.cache.internal.DefaultCacheCoordinator$UnitOfWorkFileAccess::readFile (14 bytes)
Event: 84.164 Thread 0x0000028242409f80 nmethod 11347 0x0000028233c47910 code [0x0000028233c47c80, 0x0000028233c4ada0]
Event: 84.164 Thread 0x0000028242409f80 11354       4       java.util.concurrent.FutureTask::awaitDone (214 bytes)
Event: 84.183 Thread 0x0000028242409f80 nmethod 11354 0x0000028233c4ce90 code [0x0000028233c4d040, 0x0000028233c4d8d8]
Event: 84.183 Thread 0x0000028242409f80 11353       4       jdk.internal.misc.Unsafe::convEndian (16 bytes)
Event: 84.185 Thread 0x0000028242409f80 nmethod 11353 0x0000028233c4db90 code [0x0000028233c4dd00, 0x0000028233c4dd78]
Event: 84.185 Thread 0x0000028242409f80 11349       4       jdk.internal.misc.Unsafe::checkPointer (19 bytes)
Event: 84.186 Thread 0x0000028242409f80 nmethod 11349 0x0000028233c4de90 code [0x0000028233c4e000, 0x0000028233c4e0b8]
Event: 84.251 Thread 0x0000028242409f80 11355   !   4       com.google.common.cache.LocalCache$Segment::lockedGetOrLoad (447 bytes)

GC Heap History (20 events):
Event: 45.544 GC heap before
{Heap before GC invocations=42 (full 0):
 garbage-first heap   total 215040K, used 165777K [0x0000000080000000, 0x0000000100000000)
  region size 1024K, 40 young (40960K), 2 survivors (2048K)
 Metaspace       used 67384K, committed 68160K, reserved 1114112K
  class space    used 9267K, committed 9600K, reserved 1048576K
}
Event: 45.558 GC heap after
{Heap after GC invocations=43 (full 0):
 garbage-first heap   total 215040K, used 129184K [0x0000000080000000, 0x0000000100000000)
  region size 1024K, 3 young (3072K), 3 survivors (3072K)
 Metaspace       used 67384K, committed 68160K, reserved 1114112K
  class space    used 9267K, committed 9600K, reserved 1048576K
}
Event: 47.765 GC heap before
{Heap before GC invocations=44 (full 0):
 garbage-first heap   total 232448K, used 185504K [0x0000000080000000, 0x0000000100000000)
  region size 1024K, 53 young (54272K), 3 survivors (3072K)
 Metaspace       used 70043K, committed 70848K, reserved 1114112K
  class space    used 9639K, committed 9984K, reserved 1048576K
}
Event: 47.783 GC heap after
{Heap after GC invocations=45 (full 0):
 garbage-first heap   total 232448K, used 134015K [0x0000000080000000, 0x0000000100000000)
  region size 1024K, 7 young (7168K), 7 survivors (7168K)
 Metaspace       used 70043K, committed 70848K, reserved 1114112K
  class space    used 9639K, committed 9984K, reserved 1048576K
}
Event: 47.950 GC heap before
{Heap before GC invocations=45 (full 0):
 garbage-first heap   total 232448K, used 138111K [0x0000000080000000, 0x0000000100000000)
  region size 1024K, 11 young (11264K), 7 survivors (7168K)
 Metaspace       used 70294K, committed 71104K, reserved 1114112K
  class space    used 9669K, committed 10048K, reserved 1048576K
}
Event: 47.968 GC heap after
{Heap after GC invocations=46 (full 0):
 garbage-first heap   total 232448K, used 134165K [0x0000000080000000, 0x0000000100000000)
  region size 1024K, 1 young (1024K), 1 survivors (1024K)
 Metaspace       used 70294K, committed 71104K, reserved 1114112K
  class space    used 9669K, committed 10048K, reserved 1048576K
}
Event: 49.883 GC heap before
{Heap before GC invocations=46 (full 0):
 garbage-first heap   total 232448K, used 175125K [0x0000000080000000, 0x0000000100000000)
  region size 1024K, 42 young (43008K), 1 survivors (1024K)
 Metaspace       used 74123K, committed 74944K, reserved 1114112K
  class space    used 10168K, committed 10560K, reserved 1048576K
}
Event: 49.905 GC heap after
{Heap after GC invocations=47 (full 0):
 garbage-first heap   total 232448K, used 135189K [0x0000000080000000, 0x0000000100000000)
  region size 1024K, 2 young (2048K), 2 survivors (2048K)
 Metaspace       used 74123K, committed 74944K, reserved 1114112K
  class space    used 10168K, committed 10560K, reserved 1048576K
}
Event: 57.148 GC heap before
{Heap before GC invocations=48 (full 0):
 garbage-first heap   total 235520K, used 195605K [0x0000000080000000, 0x0000000100000000)
  region size 1024K, 58 young (59392K), 2 survivors (2048K)
 Metaspace       used 77872K, committed 78656K, reserved 1179648K
  class space    used 10688K, committed 11072K, reserved 1048576K
}
Event: 57.169 GC heap after
{Heap after GC invocations=49 (full 0):
 garbage-first heap   total 235520K, used 140975K [0x0000000080000000, 0x0000000100000000)
  region size 1024K, 5 young (5120K), 5 survivors (5120K)
 Metaspace       used 77872K, committed 78656K, reserved 1179648K
  class space    used 10688K, committed 11072K, reserved 1048576K
}
Event: 57.570 GC heap before
{Heap before GC invocations=49 (full 0):
 garbage-first heap   total 235520K, used 147119K [0x0000000080000000, 0x0000000100000000)
  region size 1024K, 11 young (11264K), 5 survivors (5120K)
 Metaspace       used 78228K, committed 79104K, reserved 1179648K
  class space    used 10747K, committed 11136K, reserved 1048576K
}
Event: 57.598 GC heap after
{Heap after GC invocations=50 (full 0):
 garbage-first heap   total 235520K, used 140760K [0x0000000080000000, 0x0000000100000000)
  region size 1024K, 1 young (1024K), 1 survivors (1024K)
 Metaspace       used 78228K, committed 79104K, reserved 1179648K
  class space    used 10747K, committed 11136K, reserved 1048576K
}
Event: 60.286 GC heap before
{Heap before GC invocations=50 (full 0):
 garbage-first heap   total 235520K, used 196056K [0x0000000080000000, 0x0000000100000000)
  region size 1024K, 56 young (57344K), 1 survivors (1024K)
 Metaspace       used 80620K, committed 81472K, reserved 1179648K
  class space    used 11049K, committed 11456K, reserved 1048576K
}
Event: 60.310 GC heap after
{Heap after GC invocations=51 (full 0):
 garbage-first heap   total 235520K, used 145048K [0x0000000080000000, 0x0000000100000000)
  region size 1024K, 5 young (5120K), 5 survivors (5120K)
 Metaspace       used 80620K, committed 81472K, reserved 1179648K
  class space    used 11049K, committed 11456K, reserved 1048576K
}
Event: 62.611 GC heap before
{Heap before GC invocations=52 (full 0):
 garbage-first heap   total 256000K, used 196248K [0x0000000080000000, 0x0000000100000000)
  region size 1024K, 55 young (56320K), 5 survivors (5120K)
 Metaspace       used 84092K, committed 84992K, reserved 1179648K
  class space    used 11632K, committed 12032K, reserved 1048576K
}
Event: 62.635 GC heap after
{Heap after GC invocations=53 (full 0):
 garbage-first heap   total 256000K, used 146869K [0x0000000080000000, 0x0000000100000000)
  region size 1024K, 2 young (2048K), 2 survivors (2048K)
 Metaspace       used 84092K, committed 84992K, reserved 1179648K
  class space    used 11632K, committed 12032K, reserved 1048576K
}
Event: 63.014 GC heap before
{Heap before GC invocations=53 (full 0):
 garbage-first heap   total 256000K, used 156085K [0x0000000080000000, 0x0000000100000000)
  region size 1024K, 12 young (12288K), 2 survivors (2048K)
 Metaspace       used 84829K, committed 85760K, reserved 1179648K
  class space    used 11775K, committed 12224K, reserved 1048576K
}
Event: 63.028 GC heap after
{Heap after GC invocations=54 (full 0):
 garbage-first heap   total 256000K, used 146266K [0x0000000080000000, 0x0000000100000000)
  region size 1024K, 1 young (1024K), 1 survivors (1024K)
 Metaspace       used 84829K, committed 85760K, reserved 1179648K
  class space    used 11775K, committed 12224K, reserved 1048576K
}
Event: 65.754 GC heap before
{Heap before GC invocations=54 (full 0):
 garbage-first heap   total 256000K, used 209754K [0x0000000080000000, 0x0000000100000000)
  region size 1024K, 64 young (65536K), 1 survivors (1024K)
 Metaspace       used 89114K, committed 89984K, reserved 1179648K
  class space    used 12392K, committed 12800K, reserved 1048576K
}
Event: 65.817 GC heap after
{Heap after GC invocations=55 (full 0):
 garbage-first heap   total 512000K, used 148637K [0x0000000080000000, 0x0000000100000000)
  region size 1024K, 4 young (4096K), 4 survivors (4096K)
 Metaspace       used 89114K, committed 89984K, reserved 1179648K
  class space    used 12392K, committed 12800K, reserved 1048576K
}

Deoptimization events (20 events):
Event: 80.428 Thread 0x000002828a7f19c0 DEOPT PACKING pc=0x000002822c405d5c sp=0x000000a8c1afdc60
Event: 80.428 Thread 0x000002828a7f19c0 DEOPT UNPACKING pc=0x0000028233102b43 sp=0x000000a8c1afd178 mode 0
Event: 80.854 Thread 0x0000028242639bd0 DEOPT PACKING pc=0x000002822beef466 sp=0x000000a8be7f90c0
Event: 80.854 Thread 0x0000028242639bd0 DEOPT UNPACKING pc=0x0000028233102b43 sp=0x000000a8be7f8588 mode 0
Event: 83.439 Thread 0x0000028242639bd0 Uncommon trap: trap_request=0xffffff45 fr.pc=0x0000028233a770c4 relative=0x0000000000000964
Event: 83.439 Thread 0x0000028242639bd0 Uncommon trap: reason=unstable_if action=reinterpret pc=0x0000028233a770c4 method=com.google.common.collect.MapMakerInternalMap$Segment.drainKeyReferenceQueue(Ljava/lang/ref/ReferenceQueue;)V @ 32 c2
Event: 83.439 Thread 0x0000028242639bd0 DEOPT PACKING pc=0x0000028233a770c4 sp=0x000000a8be7f6950
Event: 83.439 Thread 0x0000028242639bd0 DEOPT UNPACKING pc=0x00000282331023a3 sp=0x000000a8be7f68a0 mode 2
Event: 83.439 Thread 0x0000028242639bd0 Uncommon trap: trap_request=0xffffff45 fr.pc=0x0000028233a75fbc relative=0x00000000000008dc
Event: 83.439 Thread 0x0000028242639bd0 Uncommon trap: reason=unstable_if action=reinterpret pc=0x0000028233a75fbc method=com.google.common.collect.MapMakerInternalMap$Segment.drainKeyReferenceQueue(Ljava/lang/ref/ReferenceQueue;)V @ 32 c2
Event: 83.439 Thread 0x0000028242639bd0 DEOPT PACKING pc=0x0000028233a75fbc sp=0x000000a8be7f68c0
Event: 83.439 Thread 0x0000028242639bd0 DEOPT UNPACKING pc=0x00000282331023a3 sp=0x000000a8be7f6890 mode 2
Event: 83.476 Thread 0x0000028242639bd0 Uncommon trap: trap_request=0xffffff45 fr.pc=0x00000282336bcefc relative=0x000000000000053c
Event: 83.476 Thread 0x0000028242639bd0 Uncommon trap: reason=unstable_if action=reinterpret pc=0x00000282336bcefc method=java.lang.StringLatin1.compareToCI([B[B)I @ 68 c2
Event: 83.476 Thread 0x0000028242639bd0 DEOPT PACKING pc=0x00000282336bcefc sp=0x000000a8be7f6450
Event: 83.477 Thread 0x0000028242639bd0 DEOPT UNPACKING pc=0x00000282331023a3 sp=0x000000a8be7f6340 mode 2
Event: 83.539 Thread 0x0000028242639bd0 Uncommon trap: trap_request=0xffffff45 fr.pc=0x000002823382eb9c relative=0x00000000000004dc
Event: 83.539 Thread 0x0000028242639bd0 Uncommon trap: reason=unstable_if action=reinterpret pc=0x000002823382eb9c method=java.lang.StringLatin1.compareToCI([B[B)I @ 68 c2
Event: 83.539 Thread 0x0000028242639bd0 DEOPT PACKING pc=0x000002823382eb9c sp=0x000000a8be7f63b0
Event: 83.539 Thread 0x0000028242639bd0 DEOPT UNPACKING pc=0x00000282331023a3 sp=0x000000a8be7f6338 mode 2

Classes unloaded (0 events):
No events

Classes redefined (0 events):
No events

Internal exceptions (20 events):
Event: 65.545 Thread 0x0000028288716850 Exception <a 'java/lang/NoSuchMethodError'{0x000000008bcbb8a8}: static Lorg/gradle/internal/build/event/types/AbstractOperationResult;.<clinit>()V> (0x000000008bcbb8a8) 
thrown [s\open\src\hotspot\share\prims\jni.cpp, line 1112]
Event: 65.545 Thread 0x0000028288716850 Exception <a 'java/lang/NoSuchMethodError'{0x000000008bcbcd00}: static Lorg/gradle/internal/build/event/types/AbstractResult;.<clinit>()V> (0x000000008bcbcd00) 
thrown [s\open\src\hotspot\share\prims\jni.cpp, line 1112]
Event: 66.220 Thread 0x00000282426391b0 Implicit null exception at 0x000002823367f6dd to 0x000002823367f848
Event: 66.222 Thread 0x00000282426391b0 Implicit null exception at 0x000002823378f49e to 0x000002823378fc60
Event: 66.226 Thread 0x0000028242639bd0 Exception <a 'java/lang/NoSuchMethodError'{0x000000009ee1ce38}: 'void java.lang.invoke.DirectMethodHandle$Holder.invokeSpecial(java.lang.Object, java.lang.Object, java.lang.Object, java.lang.Object, java.lang.Object, java.lang.Object, java.lang.Object, java.lang.Object, java.lang.Object)'> (0x000000009ee1ce38) 
thrown [s\open\src\hotspot\share\interpreter\linkResolver.cpp, line 759]
Event: 68.603 Thread 0x0000028288716850 Exception <a 'java/lang/NoSuchMethodError'{0x000000009eb07db0}: static Lorg/gradle/tooling/internal/provider/PhasedBuildActionResult;.<clinit>()V> (0x000000009eb07db0) 
thrown [s\open\src\hotspot\share\prims\jni.cpp, line 1112]
Event: 68.604 Thread 0x0000028288716850 Exception <a 'java/lang/NoSuchMethodError'{0x000000009eb110a0}: static Lorg/gradle/tooling/internal/provider/serialization/SerializedPayload;.<clinit>()V> (0x000000009eb110a0) 
thrown [s\open\src\hotspot\share\prims\jni.cpp, line 1112]
Event: 68.606 Thread 0x0000028288716850 Exception <a 'java/lang/NoSuchMethodError'{0x000000009eb17538}: static [B.<clinit>()V> (0x000000009eb17538) 
thrown [s\open\src\hotspot\share\prims\jni.cpp, line 1112]
Event: 74.368 Thread 0x0000028242639bd0 Implicit null exception at 0x00000282338bd7cb to 0x00000282338bd7f0
Event: 79.157 Thread 0x00000282426391b0 Exception <a 'java/lang/NoSuchMethodError'{0x000000009e5c7950}: 'java.lang.Object java.lang.invoke.DirectMethodHandle$Holder.newInvokeSpecial(java.lang.Object, java.lang.Object, int, java.lang.Object, java.lang.Object)'> (0x000000009e5c7950) 
thrown [s\open\src\hotspot\share\interpreter\linkResolver.cpp, line 759]
Event: 79.802 Thread 0x0000028288716850 Exception <a 'java/lang/NoSuchMethodError'{0x000000009e088350}: static Lorg/gradle/internal/build/event/types/DefaultTaskStartedProgressEvent;.<clinit>()V> (0x000000009e088350) 
thrown [s\open\src\hotspot\share\prims\jni.cpp, line 1112]
Event: 79.804 Thread 0x0000028288716850 Exception <a 'java/lang/NoSuchMethodError'{0x000000009e093e58}: static Lorg/gradle/internal/build/event/types/DefaultTaskDescriptor;.<clinit>()V> (0x000000009e093e58) 
thrown [s\open\src\hotspot\share\prims\jni.cpp, line 1112]
Event: 79.868 Thread 0x0000028288716850 Exception <a 'java/lang/NoSuchMethodError'{0x000000009dfe7458}: static Lorg/gradle/internal/build/event/types/DefaultTaskFinishedProgressEvent;.<clinit>()V> (0x000000009dfe7458) 
thrown [s\open\src\hotspot\share\prims\jni.cpp, line 1112]
Event: 79.927 Thread 0x0000028288716850 Exception <a 'java/lang/NoSuchMethodError'{0x000000009de0dc50}: static Lorg/gradle/internal/build/event/types/DefaultTaskSuccessResult;.<clinit>()V> (0x000000009de0dc50) 
thrown [s\open\src\hotspot\share\prims\jni.cpp, line 1112]
Event: 79.928 Thread 0x0000028288716850 Exception <a 'java/lang/NoSuchMethodError'{0x000000009de0f118}: static Lorg/gradle/internal/build/event/types/AbstractTaskResult;.<clinit>()V> (0x000000009de0f118) 
thrown [s\open\src\hotspot\share\prims\jni.cpp, line 1112]
Event: 79.949 Thread 0x000002828a7f19c0 Exception <a 'java/lang/NoSuchMethodError'{0x000000009de61700}: static Ljava/lang/Object;.<clinit>()V> (0x000000009de61700) 
thrown [s\open\src\hotspot\share\prims\jni.cpp, line 1112]
Event: 79.956 Thread 0x000002828a7f19c0 Exception <a 'java/lang/NoSuchMethodError'{0x000000009de6c858}: static Lorg/jetbrains/kotlin/gradle/plugin/statistics/MetricContainer;.<clinit>()V> (0x000000009de6c858) 
thrown [s\open\src\hotspot\share\prims\jni.cpp, line 1112]
Event: 80.731 Thread 0x000002828c8d3060 Exception <a 'java/lang/NoSuchMethodError'{0x000000009d9b74d0}: 'void java.lang.invoke.DirectMethodHandle$Holder.invokeStaticInit(java.lang.Object)'> (0x000000009d9b74d0) 
thrown [s\open\src\hotspot\share\interpreter\linkResolver.cpp, line 759]
Event: 80.734 Thread 0x000002828c8d3060 Exception <a 'java/lang/NoSuchMethodError'{0x000000009d9ca748}: 'void java.lang.invoke.DirectMethodHandle$Holder.invokeStatic(java.lang.Object, int)'> (0x000000009d9ca748) 
thrown [s\open\src\hotspot\share\interpreter\linkResolver.cpp, line 759]
Event: 80.735 Thread 0x000002828c8d3060 Exception <a 'java/lang/NoSuchMethodError'{0x000000009d9cde08}: 'void java.lang.invoke.DirectMethodHandle$Holder.invokeStaticInit(java.lang.Object, int)'> (0x000000009d9cde08) 
thrown [s\open\src\hotspot\share\interpreter\linkResolver.cpp, line 759]

VM Operations (20 events):
Event: 79.797 Executing VM operation: HandshakeAllThreads
Event: 79.798 Executing VM operation: HandshakeAllThreads done
Event: 80.812 Executing VM operation: Cleanup
Event: 80.813 Executing VM operation: Cleanup done
Event: 81.822 Executing VM operation: Cleanup
Event: 81.840 Executing VM operation: Cleanup done
Event: 82.432 Executing VM operation: HandshakeAllThreads
Event: 82.471 Executing VM operation: HandshakeAllThreads done
Event: 82.703 Executing VM operation: HandshakeAllThreads
Event: 82.703 Executing VM operation: HandshakeAllThreads done
Event: 83.350 Executing VM operation: HandshakeAllThreads
Event: 83.350 Executing VM operation: HandshakeAllThreads done
Event: 83.350 Executing VM operation: Cleanup
Event: 83.351 Executing VM operation: Cleanup done
Event: 83.358 Executing VM operation: HandshakeAllThreads
Event: 83.358 Executing VM operation: HandshakeAllThreads done
Event: 83.367 Executing VM operation: HandshakeAllThreads
Event: 83.368 Executing VM operation: HandshakeAllThreads done
Event: 83.400 Executing VM operation: HandshakeAllThreads
Event: 83.400 Executing VM operation: HandshakeAllThreads done

Events (20 events):
Event: 74.366 loading class java/util/stream/ReduceOps$CountingSink
Event: 74.367 loading class java/util/stream/ReduceOps$CountingSink done
Event: 74.368 loading class java/util/stream/ReduceOps$CountingSink$OfRef done
Event: 77.734 Thread 0x00000282426391b0 Thread added: 0x00000282426391b0
Event: 79.165 Thread 0x000002828c8d58e0 Thread added: 0x000002828c8d58e0
Event: 79.190 Thread 0x000002828c8d3f90 Thread added: 0x000002828c8d3f90
Event: 79.190 Thread 0x000002828c8d44a0 Thread added: 0x000002828c8d44a0
Event: 79.368 Thread 0x000002828c8d3570 Thread added: 0x000002828c8d3570
Event: 79.759 loading class java/util/TreeMap$KeySpliterator
Event: 79.760 loading class java/util/TreeMap$TreeMapSpliterator
Event: 79.761 loading class java/util/TreeMap$TreeMapSpliterator done
Event: 79.761 loading class java/util/TreeMap$KeySpliterator done
Event: 79.843 loading class java/util/concurrent/ConcurrentLinkedQueue$Itr
Event: 79.845 loading class java/util/concurrent/ConcurrentLinkedQueue$Itr done
Event: 80.300 Thread 0x000002828c8d3060 Thread added: 0x000002828c8d3060
Event: 80.619 loading class java/io/PushbackInputStream
Event: 80.624 loading class java/io/PushbackInputStream done
Event: 82.697 loading class java/util/AbstractList$ListItr
Event: 82.700 loading class java/util/AbstractList$ListItr done
Event: 83.410 Thread 0x000002828c8d3a80 Thread added: 0x000002828c8d3a80


Dynamic libraries:
0x00007ff63bcb0000 - 0x00007ff63bcc0000 	C:\Program Files\Java\jdk-17\bin\java.exe
0x00007ffe03640000 - 0x00007ffe038a3000 	C:\WINDOWS\SYSTEM32\ntdll.dll
0x00007ffe01af0000 - 0x00007ffe01bb7000 	C:\WINDOWS\System32\KERNEL32.DLL
0x00007ffe00dd0000 - 0x00007ffe01199000 	C:\WINDOWS\System32\KERNELBASE.dll
0x00007ffe00840000 - 0x00007ffe0098c000 	C:\WINDOWS\System32\ucrtbase.dll
0x00007ffdd87d0000 - 0x00007ffdd87eb000 	C:\Program Files\Java\jdk-17\bin\VCRUNTIME140.dll
0x00007ffdd8120000 - 0x00007ffdd8139000 	C:\Program Files\Java\jdk-17\bin\jli.dll
0x00007ffe01bc0000 - 0x00007ffe01c72000 	C:\WINDOWS\System32\ADVAPI32.dll
0x00007ffe01c90000 - 0x00007ffe01d39000 	C:\WINDOWS\System32\msvcrt.dll
0x00007ffe018e0000 - 0x00007ffe01986000 	C:\WINDOWS\System32\sechost.dll
0x00007ffe01460000 - 0x00007ffe01576000 	C:\WINDOWS\System32\RPCRT4.dll
0x00007ffe02dd0000 - 0x00007ffe02f9a000 	C:\WINDOWS\System32\USER32.dll
0x00007ffde7b00000 - 0x00007ffde7d90000 	C:\WINDOWS\WinSxS\amd64_microsoft.windows.common-controls_6595b64144ccf1df_6.0.26100.3323_none_3e088096e3344490\COMCTL32.dll
0x00007ffe00d10000 - 0x00007ffe00d37000 	C:\WINDOWS\System32\win32u.dll
0x00007ffe02440000 - 0x00007ffe0246a000 	C:\WINDOWS\System32\GDI32.dll
0x00007ffe011a0000 - 0x00007ffe012d1000 	C:\WINDOWS\System32\gdi32full.dll
0x00007ffe00990000 - 0x00007ffe00a33000 	C:\WINDOWS\System32\msvcp_win.dll
0x00007ffdf0e90000 - 0x00007ffdf0e9b000 	C:\WINDOWS\SYSTEM32\VERSION.dll
0x00007ffe018a0000 - 0x00007ffe018cf000 	C:\WINDOWS\System32\IMM32.DLL
0x00007ffdf32c0000 - 0x00007ffdf32cc000 	C:\Program Files\Java\jdk-17\bin\vcruntime140_1.dll
0x00007ffdd0290000 - 0x00007ffdd031e000 	C:\Program Files\Java\jdk-17\bin\msvcp140.dll
0x00007ffda8c20000 - 0x00007ffda9801000 	C:\Program Files\Java\jdk-17\bin\server\jvm.dll
0x00007ffe026a0000 - 0x00007ffe026a8000 	C:\WINDOWS\System32\PSAPI.DLL
0x00007ffdf31c0000 - 0x00007ffdf31ca000 	C:\WINDOWS\SYSTEM32\WSOCK32.dll
0x00007ffe03390000 - 0x00007ffe03404000 	C:\WINDOWS\System32\WS2_32.dll
0x00007ffdf7130000 - 0x00007ffdf7166000 	C:\WINDOWS\SYSTEM32\WINMM.dll
0x00007ffdff660000 - 0x00007ffdff67a000 	C:\WINDOWS\SYSTEM32\kernel.appcore.dll
0x00007ffdf3100000 - 0x00007ffdf310a000 	C:\Program Files\Java\jdk-17\bin\jimage.dll
0x00007ffde4170000 - 0x00007ffde43b1000 	C:\WINDOWS\SYSTEM32\DBGHELP.DLL
0x00007ffe02fa0000 - 0x00007ffe03322000 	C:\WINDOWS\System32\combase.dll
0x00007ffe03510000 - 0x00007ffe035e6000 	C:\WINDOWS\System32\OLEAUT32.dll
0x00007ffdf4dd0000 - 0x00007ffdf4e09000 	C:\WINDOWS\SYSTEM32\dbgcore.DLL
0x00007ffe00c70000 - 0x00007ffe00d09000 	C:\WINDOWS\System32\bcryptPrimitives.dll
0x00007ffdf8480000 - 0x00007ffdf848e000 	C:\Program Files\Java\jdk-17\bin\instrument.dll
0x00007ffdd75a0000 - 0x00007ffdd75c5000 	C:\Program Files\Java\jdk-17\bin\java.dll
0x00007ffdcf020000 - 0x00007ffdcf0f7000 	C:\Program Files\Java\jdk-17\bin\jsvml.dll
0x00007ffe026b0000 - 0x00007ffe02dc5000 	C:\WINDOWS\System32\SHELL32.dll
0x00007ffe00a40000 - 0x00007ffe00ba8000 	C:\WINDOWS\System32\wintypes.dll
0x00007ffdfe560000 - 0x00007ffdfeda5000 	C:\WINDOWS\SYSTEM32\windows.storage.dll
0x00007ffe017b0000 - 0x00007ffe0189b000 	C:\WINDOWS\System32\SHCORE.dll
0x00007ffe03330000 - 0x00007ffe0338d000 	C:\WINDOWS\System32\shlwapi.dll
0x00007ffe00750000 - 0x00007ffe0077f000 	C:\WINDOWS\SYSTEM32\profapi.dll
0x00007ffdd8100000 - 0x00007ffdd8118000 	C:\Program Files\Java\jdk-17\bin\zip.dll
0x00007ffdd7b60000 - 0x00007ffdd7b79000 	C:\Program Files\Java\jdk-17\bin\net.dll
0x00007ffdf9210000 - 0x00007ffdf932e000 	C:\WINDOWS\SYSTEM32\WINHTTP.dll
0x00007ffdffb80000 - 0x00007ffdffbea000 	C:\WINDOWS\system32\mswsock.dll
0x00007ffdd7580000 - 0x00007ffdd7596000 	C:\Program Files\Java\jdk-17\bin\nio.dll
0x00007ffde3690000 - 0x00007ffde36a0000 	C:\Program Files\Java\jdk-17\bin\verify.dll
0x00007ffdf8370000 - 0x00007ffdf8397000 	C:\Users\Administrator\.gradle\native\1def1411415f61bf3af743bc5b6707747c0891f09f0c88961ee8f79bc544acac\windows-amd64\native-platform.dll
0x00007ffdd6d70000 - 0x00007ffdd6de8000 	C:\Users\Administrator\.gradle\native\0.2.7\x86_64-windows-gnu\gradle-fileevents.dll
0x00007ffde30d0000 - 0x00007ffde30da000 	C:\Program Files\Java\jdk-17\bin\management.dll
0x00007ffde1950000 - 0x00007ffde195b000 	C:\Program Files\Java\jdk-17\bin\management_ext.dll
0x00007ffdff0a0000 - 0x00007ffdff0d3000 	C:\WINDOWS\SYSTEM32\IPHLPAPI.DLL
0x00007ffe01c80000 - 0x00007ffe01c8a000 	C:\WINDOWS\System32\NSI.dll
0x00007ffdf8ec0000 - 0x00007ffdf8edf000 	C:\WINDOWS\SYSTEM32\dhcpcsvc6.DLL
0x00007ffdf8e50000 - 0x00007ffdf8e75000 	C:\WINDOWS\SYSTEM32\dhcpcsvc.DLL
0x00007ffdff130000 - 0x00007ffdff255000 	C:\WINDOWS\SYSTEM32\DNSAPI.dll
0x00007ffdffe20000 - 0x00007ffdffe3c000 	C:\WINDOWS\SYSTEM32\CRYPTSP.dll
0x00007ffdff5c0000 - 0x00007ffdff5fa000 	C:\WINDOWS\system32\rsaenh.dll
0x00007ffdffc20000 - 0x00007ffdffc4b000 	C:\WINDOWS\SYSTEM32\USERENV.dll
0x00007ffe00060000 - 0x00007ffe00086000 	C:\WINDOWS\SYSTEM32\bcrypt.dll
0x00007ffdffe40000 - 0x00007ffdffe4c000 	C:\WINDOWS\SYSTEM32\CRYPTBASE.dll
0x00007ffdf8470000 - 0x00007ffdf847e000 	C:\Program Files\Java\jdk-17\bin\sunmscapi.dll
0x00007ffe012e0000 - 0x00007ffe01457000 	C:\WINDOWS\System32\CRYPT32.dll
0x00007ffe00020000 - 0x00007ffe00050000 	C:\WINDOWS\SYSTEM32\ncrypt.dll
0x00007ffdfffd0000 - 0x00007ffe0000f000 	C:\WINDOWS\SYSTEM32\NTASN1.dll
0x00007ffdd3c90000 - 0x00007ffdd3c98000 	C:\WINDOWS\system32\wshunix.dll

dbghelp: loaded successfully - version: 4.0.5 - missing functions: none
symbol engine: initialized successfully - sym options: 0x614 - pdb path: .;C:\Program Files\Java\jdk-17\bin;C:\WINDOWS\SYSTEM32;C:\WINDOWS\WinSxS\amd64_microsoft.windows.common-controls_6595b64144ccf1df_6.0.26100.3323_none_3e088096e3344490;C:\Program Files\Java\jdk-17\bin\server;C:\Users\Administrator\.gradle\native\1def1411415f61bf3af743bc5b6707747c0891f09f0c88961ee8f79bc544acac\windows-amd64;C:\Users\Administrator\.gradle\native\0.2.7\x86_64-windows-gnu

VM Arguments:
jvm_args: --add-opens=java.base/java.lang=ALL-UNNAMED --add-opens=java.base/java.lang.invoke=ALL-UNNAMED --add-opens=java.base/java.util=ALL-UNNAMED --add-opens=java.prefs/java.util.prefs=ALL-UNNAMED --add-exports=jdk.compiler/com.sun.tools.javac.api=ALL-UNNAMED --add-exports=jdk.compiler/com.sun.tools.javac.util=ALL-UNNAMED --add-opens=java.base/java.util=ALL-UNNAMED --add-opens=java.prefs/java.util.prefs=ALL-UNNAMED --add-opens=java.base/java.nio.charset=ALL-UNNAMED --add-opens=java.base/java.net=ALL-UNNAMED --add-opens=java.base/java.util.concurrent.atomic=ALL-UNNAMED --add-opens=java.xml/javax.xml.namespace=ALL-UNNAMED -Xmx2048m -Dfile.encoding=UTF-8 -Duser.country=US -Duser.language=en -Duser.variant -javaagent:C:\Users\Administrator\.gradle\wrapper\dists\gradle-8.14.3-bin\cv11ve7ro1n3o1j4so8xd9n66\gradle-8.14.3\lib\agents\gradle-instrumentation-agent-8.14.3.jar 
java_command: org.gradle.launcher.daemon.bootstrap.GradleDaemon 8.14.3
java_class_path (initial): C:\Users\Administrator\.gradle\wrapper\dists\gradle-8.14.3-bin\cv11ve7ro1n3o1j4so8xd9n66\gradle-8.14.3\lib\gradle-daemon-main-8.14.3.jar
Launcher Type: SUN_STANDARD

[Global flags]
     intx CICompilerCount                          = 3                                         {product} {ergonomic}
     uint ConcGCThreads                            = 1                                         {product} {ergonomic}
     uint G1ConcRefinementThreads                  = 4                                         {product} {ergonomic}
   size_t G1HeapRegionSize                         = 1048576                                   {product} {ergonomic}
    uintx GCDrainStackTargetSize                   = 64                                        {product} {ergonomic}
   size_t InitialHeapSize                          = 134217728                                 {product} {ergonomic}
   size_t MarkStackSize                            = 4194304                                   {product} {ergonomic}
   size_t MaxHeapSize                              = 2147483648                                {product} {command line}
   size_t MaxNewSize                               = 1287651328                                {product} {ergonomic}
   size_t MinHeapDeltaBytes                        = 1048576                                   {product} {ergonomic}
   size_t MinHeapSize                              = 8388608                                   {product} {ergonomic}
    uintx NonNMethodCodeHeapSize                   = 5832780                                {pd product} {ergonomic}
    uintx NonProfiledCodeHeapSize                  = 122912730                              {pd product} {ergonomic}
    uintx ProfiledCodeHeapSize                     = 122912730                              {pd product} {ergonomic}
    uintx ReservedCodeCacheSize                    = 251658240                              {pd product} {ergonomic}
     bool SegmentedCodeCache                       = true                                      {product} {ergonomic}
   size_t SoftMaxHeapSize                          = 2147483648                             {manageable} {ergonomic}
     bool UseCompressedClassPointers               = true                           {product lp64_product} {ergonomic}
     bool UseCompressedOops                        = true                           {product lp64_product} {ergonomic}
     bool UseG1GC                                  = true                                      {product} {ergonomic}
     bool UseLargePagesIndividualAllocation        = false                                  {pd product} {ergonomic}

Logging:
Log output configuration:
 #0: stdout all=warning uptime,level,tags
 #1: stderr all=off uptime,level,tags

Environment Variables:
JAVA_HOME=C:\Program Files\Java\jdk-17
PATH=C:\Program Files\Common Files\Oracle\Java\javapath;C:\WINDOWS\system32;C:\WINDOWS;C:\WINDOWS\System32\Wbem;C:\WINDOWS\System32\WindowsPowerShell\v1.0\;C:\WINDOWS\System32\OpenSSH\;C:\Users\Administrator\AppData\Local\Android\Sdk\platform-tools\;C:\Program Files\Git\cmd;C:\Users\Administrator\AppData\Local\Microsoft\WindowsApps;
USERNAME=Administrator
OS=Windows_NT
PROCESSOR_IDENTIFIER=Intel64 Family 6 Model 58 Stepping 9, GenuineIntel



---------------  S Y S T E M  ---------------

OS:
 Windows 11 , 64 bit Build 26100 (10.0.26100.3323)
OS uptime: 31 days 1:44 hours
KVM virtualization detected

CPU: total 4 (initial active 4) (4 cores per cpu, 1 threads per core) family 6 model 58 stepping 9 microcode 0x1, cx8, cmov, fxsr, mmx, sse, sse2, sse3, ssse3, sse4.1, sse4.2, popcnt, tsc, avx, aes, erms, clmul, vzeroupper, clflush, hv

Memory: 4k page, system-wide physical 8191M (315M free)
TotalPageFile size 11634M (AvailPageFile size 2M)
current process WorkingSet (physical memory assigned to process): 215M, peak: 386M
current process commit charge ("private bytes"): 795M, peak: 801M

vm_info: Java HotSpot(TM) 64-Bit Server VM (17.0.13+10-LTS-268) for windows-amd64 JRE (17.0.13+10-LTS-268), built on Sep 30 2024 06:33:13 by "mach5one" with MS VC++ 17.6 (VS2022)

END.
